fname,label,manually_verified
fff81f55.wav,Cough,1
ffda1d2b.wav,Keys_jangling,1
ffd6b26c.wav,Fart,1
ffd52400.wav,Microwave_oven,1
ffcefb78.wav,Knock,1
ffcb5c56.wav,Computer_keyboard,1
ffc92b01.wav,Cello,1
ffa61f00.wav,Tearing,1
ffa4a506.wav,Cough,1
ff9eae6f.wav,Gong,1
ff95ac47.wav,Finger_snapping,1
ff758ee0.wav,Gunshot_or_gunfire,1
ff752a0c.wav,Clarinet,1
ff462e1b.wav,Cowbell,1
ff402c67.wav,Fireworks,1
ff3f21e7.wav,Snare_drum,1
ff12dece.wav,Saxophone,1
ff11628d.wav,Bass_drum,1
ff0d3545.wav,Snare_drum,1
ff0c153b.wav,Saxophone,1
ff0b5da2.wav,Gong,1
ff038671.wav,Saxophone,1
fefcacd6.wav,Drawer_open_or_close,1
fef60012.wav,Double_bass,1
fef2f4dd.wav,Burping_or_eructation,1
fec180d4.wav,Trumpet,1
fec00143.wav,Violin_or_fiddle,1
fea8ae24.wav,Double_bass,1
fe76c972.wav,Flute,1
fe626e30.wav,Tambourine,1
fe3a87db.wav,Fart,1
fde7f7b5.wav,Tambourine,1
fdcd59ed.wav,Cowbell,1
fdc342a3.wav,Flute,1
fdbbbcac.wav,Bus,1
fdaa6854.wav,Cowbell,1
fd738086.wav,Gunshot_or_gunfire,1
fd6a8735.wav,Fireworks,1
fd688f3d.wav,Violin_or_fiddle,1
fd3b6ffc.wav,Burping_or_eructation,1
fd3982a5.wav,Chime,1
fd3870bb.wav,Laughter,1
fd2df3ec.wav,Finger_snapping,1
fd1ae06f.wav,Meow,1
fd16747a.wav,Saxophone,1
fcfafbc8.wav,Double_bass,1
fceb6212.wav,Acoustic_guitar,1
fcd11bc8.wav,Violin_or_fiddle,1
fcbc3889.wav,Snare_drum,1
fcb2757b.wav,Flute,1
fcabcad4.wav,Shatter,1
fc819359.wav,Drawer_open_or_close,1
fc800c19.wav,Meow,1
fc740828.wav,Flute,1
fc55d588.wav,Acoustic_guitar,1
fc4463ef.wav,Drawer_open_or_close,1
fc35ee0b.wav,Meow,1
fc1913a3.wav,Writing,1
fc0d6bd0.wav,Gong,1
fc055cd8.wav,Telephone,1
fbd02161.wav,Fart,1
fbcbc236.wav,Oboe,1
fbc6a343.wav,Bass_drum,1
fbc1cfdb.wav,Chime,1
fba51845.wav,Violin_or_fiddle,1
fb7ed0a8.wav,Violin_or_fiddle,1
fb7b1a38.wav,Double_bass,1
fb74f4e3.wav,Drawer_open_or_close,1
fb5c836c.wav,Oboe,1
fb574a89.wav,Cowbell,1
fb56239c.wav,Gunshot_or_gunfire,1
fb3fef41.wav,Cough,1
fb33b7b3.wav,Telephone,1
fb2957a6.wav,Telephone,1
fb1f22b2.wav,Gong,1
fb108a65.wav,Flute,1
faf61d4f.wav,Meow,1
faf2af04.wav,Applause,1
faee8791.wav,Double_bass,1
faede4eb.wav,Violin_or_fiddle,1
fad5b9af.wav,Electric_piano,1
fab9db46.wav,Oboe,1
faa56a16.wav,Electric_piano,1
fa9088a4.wav,Shatter,1
fa80fe22.wav,Trumpet,1
fa722117.wav,Saxophone,1
fa71933a.wav,Double_bass,1
fa6b48ee.wav,Burping_or_eructation,1
fa5e59d2.wav,Gunshot_or_gunfire,1
fa50f460.wav,Scissors,1
fa4d4a92.wav,Acoustic_guitar,1
fa47fd75.wav,Fart,1
fa32109e.wav,Flute,1
fa2786f2.wav,Bark,1
fa2155fc.wav,Double_bass,1
fa101519.wav,Violin_or_fiddle,1
f9ef92a3.wav,Fireworks,1
f9c22f47.wav,Applause,1
f9c0004a.wav,Laughter,1
f97dbc8e.wav,Flute,1
f97695a4.wav,Double_bass,1
f975263f.wav,Electric_piano,1
f97068c5.wav,Writing,1
f9653de8.wav,Cello,1
f9582958.wav,Oboe,1
f939856c.wav,Laughter,1
f91e1cab.wav,Microwave_oven,1
f90e431b.wav,Bark,1
f8ff37cb.wav,Cough,1
f8f50808.wav,Keys_jangling,1
f8da7ef9.wav,Bass_drum,1
f8d96888.wav,Saxophone,1
f8c827a4.wav,Bark,1
f8c23e9a.wav,Trumpet,1
f8c1a609.wav,Fireworks,1
f8a99b37.wav,Bass_drum,1
f8799d8d.wav,Double_bass,1
f8742dce.wav,Telephone,1
f84529b9.wav,Tambourine,1
f836ce24.wav,Gunshot_or_gunfire,1
f834f946.wav,Cello,1
f82caa0e.wav,Clarinet,1
f7ebc9e1.wav,Electric_piano,1
f7d17c6f.wav,Glockenspiel,1
f79db766.wav,Trumpet,1
f78fbf28.wav,Bass_drum,1
f7673f35.wav,Cowbell,1
f757a9c1.wav,Cowbell,1
f711abcc.wav,Cough,1
f70dc5b3.wav,Telephone,1
f7083613.wav,Burping_or_eructation,1
f6e9f618.wav,Gunshot_or_gunfire,1
f6da0840.wav,Bark,1
f6c24a56.wav,Clarinet,1
f6a64c20.wav,Keys_jangling,1
f69d10f0.wav,Telephone,1
f69a21d2.wav,Tearing,1
f67b9e16.wav,Gunshot_or_gunfire,1
f63f3703.wav,Double_bass,1
f63d9273.wav,Saxophone,1
f61d3c84.wav,Squeak,1
f614ae85.wav,Telephone,1
f6037c59.wav,Saxophone,1
f5fee632.wav,Shatter,1
f5f24581.wav,Double_bass,1
f5e20dce.wav,Flute,1
f58c0c4b.wav,Scissors,1
f58895fc.wav,Gong,1
f581894c.wav,Fireworks,1
f57b608c.wav,Violin_or_fiddle,1
f5740c17.wav,Cough,1
f56c277f.wav,Violin_or_fiddle,1
f567398e.wav,Clarinet,1
f554ec02.wav,Gunshot_or_gunfire,1
f52e7d48.wav,Saxophone,1
f50c93f9.wav,Violin_or_fiddle,1
f50a3e03.wav,Finger_snapping,1
f4f68c35.wav,Harmonica,1
f4e5760e.wav,Burping_or_eructation,1
f4b33ae6.wav,Double_bass,1
f492ff55.wav,Applause,1
f488c69f.wav,Fart,1
f4759653.wav,Acoustic_guitar,1
f46e0e2e.wav,Double_bass,1
f4627f0b.wav,Laughter,1
f453d35f.wav,Saxophone,1
f44f1164.wav,Fart,1
f43f90a6.wav,Flute,1
f41dcbd7.wav,Cough,1
f40edcdd.wav,Acoustic_guitar,1
f40e1c8f.wav,Microwave_oven,1
f409e87c.wav,Clarinet,1
f3f134db.wav,Cowbell,1
f3e77609.wav,Violin_or_fiddle,1
f3d16179.wav,Violin_or_fiddle,1
f3ad4270.wav,Saxophone,1
f3a8c3be.wav,Finger_snapping,1
f3a3b166.wav,Gunshot_or_gunfire,1
f39c4e54.wav,Double_bass,1
f398cd94.wav,Burping_or_eructation,1
f37b69e6.wav,Saxophone,1
f375fc64.wav,Bus,1
f36f0a75.wav,Knock,1
f34e2853.wav,Flute,1
f341de12.wav,Harmonica,1
f32b46de.wav,Harmonica,1
f322771f.wav,Cough,1
f30c9ba4.wav,Acoustic_guitar,1
f2f466aa.wav,Oboe,1
f2dcffa1.wav,Finger_snapping,1
f2c0cce3.wav,Oboe,1
f2c0cb1a.wav,Saxophone,1
f2bcd3ad.wav,Fireworks,1
f2b78a6f.wav,Cello,1
f2b0e59d.wav,Acoustic_guitar,1
f2ad950e.wav,Trumpet,1
f2a5615b.wav,Keys_jangling,1
f2833420.wav,Trumpet,1
f278ec5b.wav,Glockenspiel,1
f2762ba2.wav,Flute,1
f26131d8.wav,Bass_drum,1
f2517f57.wav,Squeak,1
f2310f0d.wav,Clarinet,1
f21dd004.wav,Cello,1
f1c07799.wav,Clarinet,1
f1a0a22a.wav,Fart,1
f19f12a6.wav,Finger_snapping,1
f18df301.wav,Shatter,1
f184970b.wav,Saxophone,1
f1754aea.wav,Snare_drum,1
f114112a.wav,Shatter,1
f10c7f27.wav,Applause,1
f1062ecf.wav,Tearing,1
f0f8d174.wav,Shatter,1
f0dfe343.wav,Hi-hat,1
f0d644d1.wav,Clarinet,1
f0d315bc.wav,Saxophone,1
f0c79f5e.wav,Knock,1
f0c40412.wav,Applause,1
f0bfdfae.wav,Gong,1
f0b1afe7.wav,Squeak,1
f0a743c5.wav,Fart,1
f09f18fe.wav,Bark,1
f093caf9.wav,Hi-hat,1
f0727eac.wav,Snare_drum,1
f06c961d.wav,Tambourine,1
f05dfc96.wav,Meow,1
f042282c.wav,Double_bass,1
f0414445.wav,Saxophone,1
f040db67.wav,Flute,1
f0363605.wav,Burping_or_eructation,1
f01abfa9.wav,Saxophone,1
efe648b4.wav,Flute,1
efe2372f.wav,Laughter,1
efd6bce5.wav,Burping_or_eructation,1
efb29645.wav,Drawer_open_or_close,1
efaa36dc.wav,Fireworks,1
efa6c176.wav,Knock,1
ef93493f.wav,Acoustic_guitar,1
ef806317.wav,Harmonica,1
ef7b753e.wav,Meow,1
ef6ae93c.wav,Telephone,1
ef543e79.wav,Bass_drum,1
ef451bde.wav,Harmonica,1
ef417725.wav,Keys_jangling,1
ef368721.wav,Shatter,1
ef15ef14.wav,Flute,1
ef04f00d.wav,Saxophone,1
eee11dd7.wav,Double_bass,1
eed406df.wav,Microwave_oven,1
ee99c282.wav,Fart,1
ee972208.wav,Applause,1
ee95e004.wav,Violin_or_fiddle,1
ee930ce6.wav,Shatter,1
ee8776ee.wav,Violin_or_fiddle,1
ee6fa9f6.wav,Electric_piano,1
ee57a0d4.wav,Scissors,1
ee29b154.wav,Violin_or_fiddle,1
ee289465.wav,Bus,1
ee19d983.wav,Tambourine,1
edfb16fa.wav,Snare_drum,1
edf3fa19.wav,Violin_or_fiddle,1
edf36df4.wav,Snare_drum,1
edb6c686.wav,Microwave_oven,1
ed984a25.wav,Fireworks,1
ed97defe.wav,Tearing,1
ed94d3ad.wav,Knock,1
ed7f0281.wav,Chime,1
ed75d358.wav,Tambourine,1
ed3e9e93.wav,Meow,1
ed2f12a1.wav,Gunshot_or_gunfire,1
ed274378.wav,Violin_or_fiddle,1
ed125cf8.wav,Acoustic_guitar,1
ed0e89d8.wav,Telephone,1
ece8c018.wav,Clarinet,1
ecbf2e5c.wav,Telephone,1
ecb0fe34.wav,Cowbell,1
eca6ae5d.wav,Telephone,1
ec9c647a.wav,Burping_or_eructation,1
ec950e90.wav,Bass_drum,1
ec7f8f29.wav,Gong,1
ec7a1265.wav,Harmonica,1
ec74b3b7.wav,Cello,1
ec6bec74.wav,Flute,1
ec6afeb6.wav,Saxophone,1
ec693023.wav,Clarinet,1
ec647286.wav,Saxophone,1
ec61f6ef.wav,Flute,1
ec4e8b9b.wav,Tambourine,1
ec4c394c.wav,Violin_or_fiddle,1
ec385bcd.wav,Shatter,1
ec24aa8a.wav,Meow,1
ec193a31.wav,Knock,1
ec0c872c.wav,Squeak,1
ebfc03c3.wav,Electric_piano,1
ebf27ca9.wav,Gunshot_or_gunfire,1
ebe7524b.wav,Bass_drum,1
ebcbb32a.wav,Gong,1
eb4f21b9.wav,Telephone,1
eb27071b.wav,Cello,1
eafcc771.wav,Drawer_open_or_close,1
eaf93312.wav,Meow,1
eae18f5e.wav,Meow,1
eace95fa.wav,Cello,1
eaaa96c9.wav,Gong,1
ea964ecc.wav,Double_bass,1
ea8909a2.wav,Bus,1
ea8737d8.wav,Burping_or_eructation,1
ea806dcf.wav,Clarinet,1
ea6cb757.wav,Bass_drum,1
ea5bd9ac.wav,Saxophone,1
ea205019.wav,Gunshot_or_gunfire,1
ea197625.wav,Gunshot_or_gunfire,1
ea168c74.wav,Saxophone,1
ea08f43d.wav,Telephone,1
e9da730a.wav,Violin_or_fiddle,1
e9a0945b.wav,Glockenspiel,1
e98202a8.wav,Electric_piano,1
e97d9707.wav,Cello,1
e94eabd3.wav,Electric_piano,1
e94c6d67.wav,Cello,1
e948c3bf.wav,Fireworks,1
e943becf.wav,Meow,1
e9313222.wav,Snare_drum,1
e92eb9cf.wav,Cough,1
e92bf0fa.wav,Acoustic_guitar,1
e90b8ebf.wav,Writing,1
e907f461.wav,Tearing,1
e9055021.wav,Meow,1
e8fd7f2f.wav,Violin_or_fiddle,1
e8fa13d1.wav,Double_bass,1
e8f862ba.wav,Acoustic_guitar,1
e8e45406.wav,Electric_piano,1
e8e00924.wav,Snare_drum,1
e8d6b248.wav,Double_bass,1
e8d640b3.wav,Cowbell,1
e89ebeb9.wav,Violin_or_fiddle,1
e898cffd.wav,Oboe,1
e897db78.wav,Hi-hat,1
e8952741.wav,Tearing,1
e8924446.wav,Finger_snapping,1
e88d6949.wav,Gunshot_or_gunfire,1
e87f8984.wav,Squeak,1
e8358d8d.wav,Hi-hat,1
e820a056.wav,Chime,1
e819e784.wav,Violin_or_fiddle,1
e7da5c3c.wav,Glockenspiel,1
e7cd4355.wav,Finger_snapping,1
e7cc98a2.wav,Oboe,1
e7c7704e.wav,Shatter,1
e7c71b47.wav,Gunshot_or_gunfire,1
e7c29db8.wav,Squeak,1
e7bbd7e7.wav,Laughter,1
e7adefd3.wav,Acoustic_guitar,1
e75c2db8.wav,Flute,1
e75be6d7.wav,Hi-hat,1
e7320b5e.wav,Violin_or_fiddle,1
e72b777a.wav,Bass_drum,1
e71a5c26.wav,Knock,1
e70f053a.wav,Writing,1
e70c41d4.wav,Cello,1
e700e426.wav,Violin_or_fiddle,1
e6b9cdfc.wav,Snare_drum,1
e6a15387.wav,Gunshot_or_gunfire,1
e6949d46.wav,Keys_jangling,1
e673349d.wav,Gunshot_or_gunfire,1
e6718362.wav,Violin_or_fiddle,1
e65e1323.wav,Glockenspiel,1
e65a827f.wav,Writing,1
e6597186.wav,Double_bass,1
e6371181.wav,Shatter,1
e6364d7d.wav,Tambourine,1
e63098c2.wav,Chime,1
e62d770e.wav,Cello,1
e6237f2d.wav,Violin_or_fiddle,1
e5f9437c.wav,Telephone,1
e5e26b77.wav,Squeak,1
e5d6a115.wav,Telephone,1
e5c11a2e.wav,Clarinet,1
e5b10b60.wav,Laughter,1
e5a36c3c.wav,Saxophone,1
e59668cc.wav,Violin_or_fiddle,1
e56fbcf3.wav,Trumpet,1
e55c5160.wav,Cello,1
e5578399.wav,Gong,1
e54fbe33.wav,Finger_snapping,1
e51e1770.wav,Clarinet,1
e512a233.wav,Finger_snapping,1
e50d2535.wav,Tearing,1
e5083445.wav,Flute,1
e4f2abc5.wav,Meow,1
e4ee0c55.wav,Trumpet,1
e4ece500.wav,Acoustic_guitar,1
e4e83740.wav,Shatter,1
e4c2644c.wav,Snare_drum,1
e4b5417a.wav,Harmonica,1
e4966885.wav,Fart,1
e4958adc.wav,Snare_drum,1
e4890814.wav,Bark,1
e46a04c9.wav,Glockenspiel,1
e45a3fed.wav,Computer_keyboard,1
e43f7db2.wav,Clarinet,1
e4247392.wav,Microwave_oven,1
e4090cfa.wav,Fart,1
e3f479f3.wav,Violin_or_fiddle,1
e3eff846.wav,Burping_or_eructation,1
e3d2709c.wav,Fireworks,1
e3bf4182.wav,Double_bass,1
e3bf2bf9.wav,Electric_piano,1
e3b1eb3a.wav,Gunshot_or_gunfire,1
e3a31aa0.wav,Double_bass,1
e39f888d.wav,Tearing,1
e38a54df.wav,Squeak,1
e35c9a8a.wav,Saxophone,1
e34b7b46.wav,Electric_piano,1
e3306eb5.wav,Gong,1
e30cb7d5.wav,Chime,1
e2fc95ed.wav,Bus,1
e2fa3ed3.wav,Clarinet,1
e2ea348e.wav,Harmonica,1
e2d993ec.wav,Cello,1
e2d02712.wav,Laughter,1
e2cf6d59.wav,Saxophone,1
e2c205ac.wav,Cello,1
e2bfc42d.wav,Laughter,1
e29bf67e.wav,Trumpet,1
e2939c3a.wav,Writing,1
e21de38c.wav,Writing,1
e1eed479.wav,Cowbell,1
e1d91dfc.wav,Tearing,1
e1ca0934.wav,Meow,1
e1b646bb.wav,Flute,1
e18f928a.wav,Telephone,1
e186a347.wav,Writing,1
e152333d.wav,Meow,1
e11fb127.wav,Gunshot_or_gunfire,1
e1002ae9.wav,Knock,1
e0fef04d.wav,Applause,1
e0ecd1a6.wav,Double_bass,1
e0ba0ac2.wav,Bus,1
e09acb52.wav,Violin_or_fiddle,1
e0990da3.wav,Clarinet,1
e08db496.wav,Applause,1
e087f227.wav,Flute,1
e0862ccc.wav,Computer_keyboard,1
e076d62b.wav,Microwave_oven,1
e048451f.wav,Cough,1
e0435db2.wav,Cough,1
e030fb43.wav,Shatter,1
e022b7b0.wav,Oboe,1
e01a1ca0.wav,Fireworks,1
dffc9217.wav,Writing,1
dfed3be6.wav,Violin_or_fiddle,1
dfd3ad5c.wav,Glockenspiel,1
dfc4a855.wav,Clarinet,1
dfbeefb5.wav,Saxophone,1
dfb8afae.wav,Flute,1
dfb42c74.wav,Drawer_open_or_close,1
df98be15.wav,Violin_or_fiddle,1
df890004.wav,Bass_drum,1
df79d259.wav,Bark,1
df66a03d.wav,Gunshot_or_gunfire,1
df630658.wav,Snare_drum,1
df6223de.wav,Applause,1
df2aac3c.wav,Gunshot_or_gunfire,1
df1bc322.wav,Chime,1
df0de169.wav,Cowbell,1
df0573f3.wav,Clarinet,1
defcfbdc.wav,Electric_piano,1
dee0d5ac.wav,Violin_or_fiddle,1
dec1d656.wav,Flute,1
deb87700.wav,Double_bass,1
de9a384f.wav,Hi-hat,1
de99b2d9.wav,Flute,1
de941b74.wav,Saxophone,1
de8de828.wav,Knock,1
de77f91e.wav,Saxophone,1
de5bad53.wav,Bark,1
de5248bc.wav,Glockenspiel,1
de487b53.wav,Saxophone,1
de2e28fe.wav,Bus,1
de2b8ade.wav,Acoustic_guitar,1
de2b5cdb.wav,Writing,1
de2114d5.wav,Bus,1
de0debf5.wav,Snare_drum,1
de06cab6.wav,Violin_or_fiddle,1
ddf51005.wav,Hi-hat,1
ddf23920.wav,Clarinet,1
dde05348.wav,Acoustic_guitar,1
ddb0a078.wav,Gunshot_or_gunfire,1
ddae73e4.wav,Fireworks,1
dd803ae5.wav,Telephone,1
dd7d890a.wav,Harmonica,1
dd67b8a9.wav,Clarinet,1
dd54505d.wav,Burping_or_eructation,1
dd043345.wav,Acoustic_guitar,1
dce89f20.wav,Glockenspiel,1
dcdb44b0.wav,Cowbell,1
dcd892b1.wav,Knock,1
dcd37383.wav,Saxophone,1
dcc7acba.wav,Clarinet,1
dcc21853.wav,Saxophone,1
dcc0f7cd.wav,Bus,1
dc9abbcb.wav,Microwave_oven,1
dc981a38.wav,Clarinet,1
dc7e791d.wav,Saxophone,1
dc77de48.wav,Scissors,1
dc6afbe5.wav,Telephone,1
dc6676ff.wav,Flute,1
dc5fc5c5.wav,Computer_keyboard,1
dc5be9d7.wav,Cello,1
dc57b564.wav,Tearing,1
dc51a8b4.wav,Double_bass,1
dc4463f8.wav,Telephone,1
dc24a8f4.wav,Bark,1
dbe8ee07.wav,Writing,1
dbe4aa4b.wav,Telephone,1
dbe1946a.wav,Laughter,1
dbd908b8.wav,Drawer_open_or_close,1
dbd81df9.wav,Fart,1
dbac4e95.wav,Gong,1
dba6817d.wav,Saxophone,1
db9d4d18.wav,Acoustic_guitar,1
db9a04ba.wav,Clarinet,1
db98ae02.wav,Microwave_oven,1
db7faa42.wav,Bark,1
db672630.wav,Cowbell,1
db3ced72.wav,Flute,1
db1a5e69.wav,Harmonica,1
daf5af0a.wav,Violin_or_fiddle,1
daedfdde.wav,Cough,1
dae936cc.wav,Violin_or_fiddle,1
dad51ef3.wav,Cowbell,1
dab05a71.wav,Gunshot_or_gunfire,1
daa3d0dd.wav,Harmonica,1
da8ea649.wav,Double_bass,1
da8d6df0.wav,Trumpet,1
da85039c.wav,Glockenspiel,1
da7bd5da.wav,Flute,1
da4d4d5a.wav,Finger_snapping,1
da4b0379.wav,Hi-hat,1
da49fddf.wav,Glockenspiel,1
da3f8050.wav,Hi-hat,1
da38a108.wav,Knock,1
da370084.wav,Fireworks,1
da354910.wav,Knock,1
da2f1e87.wav,Clarinet,1
da1330e0.wav,Violin_or_fiddle,1
da0650ea.wav,Applause,1
d9ff1435.wav,Microwave_oven,1
d9f07bed.wav,Meow,1
d9ef2d9a.wav,Microwave_oven,1
d9ece336.wav,Computer_keyboard,1
d9e5bbc4.wav,Tambourine,1
d9cb51e2.wav,Violin_or_fiddle,1
d9c103a6.wav,Tearing,1
d9a58d0c.wav,Violin_or_fiddle,1
d99b648a.wav,Clarinet,1
d9748e59.wav,Writing,1
d9540472.wav,Violin_or_fiddle,1
d953e602.wav,Bus,1
d94c94f0.wav,Saxophone,1
d93c3a10.wav,Laughter,1
d931fa78.wav,Laughter,1
d91ee4c3.wav,Telephone,1
d91b8441.wav,Harmonica,1
d914225a.wav,Violin_or_fiddle,1
d910a8c7.wav,Cello,1
d8dee93f.wav,Laughter,1
d8c29016.wav,Fart,1
d8ac74e8.wav,Acoustic_guitar,1
d8abf134.wav,Fireworks,1
d8a257e5.wav,Acoustic_guitar,1
d88f0774.wav,Telephone,1
d87661e5.wav,Glockenspiel,1
d87530b2.wav,Applause,1
d85da760.wav,Gong,1
d84c8c43.wav,Violin_or_fiddle,1
d834f80f.wav,Tambourine,1
d83456f2.wav,Violin_or_fiddle,1
d82f8f87.wav,Knock,1
d81d44f3.wav,Telephone,1
d81a8b02.wav,Burping_or_eructation,1
d80e1c9e.wav,Laughter,1
d7e5753e.wav,Bus,1
d7e56425.wav,Cello,1
d7dbcb1a.wav,Glockenspiel,1
d7d8c724.wav,Squeak,1
d7d8b12a.wav,Tearing,1
d7b31417.wav,Meow,1
d79b9208.wav,Violin_or_fiddle,1
d7857dfb.wav,Bus,1
d77a30c4.wav,Oboe,1
d774a3f3.wav,Keys_jangling,1
d77358d0.wav,Cowbell,1
d76bdc15.wav,Squeak,1
d73efc33.wav,Violin_or_fiddle,1
d7241122.wav,Harmonica,1
d6f56693.wav,Burping_or_eructation,1
d6f501d7.wav,Cough,1
d6d2c880.wav,Gunshot_or_gunfire,1
d6d11418.wav,Tearing,1
d6c9f529.wav,Tambourine,1
d6c04b7d.wav,Computer_keyboard,1
d6a0f248.wav,Shatter,1
d69149ab.wav,Writing,1
d68bc291.wav,Trumpet,1
d68ab424.wav,Saxophone,1
d6854eb4.wav,Hi-hat,1
d6691f17.wav,Saxophone,1
d668e7f7.wav,Saxophone,1
d6665734.wav,Saxophone,1
d648bf8f.wav,Finger_snapping,1
d63f15f8.wav,Finger_snapping,1
d63d8c42.wav,Cowbell,1
d63ce88d.wav,Violin_or_fiddle,1
d62fe2ff.wav,Trumpet,1
d6221525.wav,Double_bass,1
d61f1a92.wav,Cello,1
d61ab790.wav,Saxophone,1
d6144e01.wav,Violin_or_fiddle,1
d60ea378.wav,Laughter,1
d5fc9f70.wav,Violin_or_fiddle,1
d5f52814.wav,Violin_or_fiddle,1
d5e089e1.wav,Drawer_open_or_close,1
d5cd5497.wav,Clarinet,1
d5c6c8bc.wav,Cough,1
d59f621a.wav,Applause,1
d56d9904.wav,Saxophone,1
d561c726.wav,Harmonica,1
d54610d9.wav,Bass_drum,1
d542a510.wav,Telephone,1
d535a76b.wav,Bass_drum,1
d527a5d0.wav,Squeak,1
d52043e1.wav,Drawer_open_or_close,1
d51b814e.wav,Gong,1
d510e6ef.wav,Tambourine,1
d4ebef41.wav,Electric_piano,1
d4d11498.wav,Violin_or_fiddle,1
d4c2b2a8.wav,Writing,1
d4c14be6.wav,Fart,1
d4bc030d.wav,Cello,1
d49eb5e4.wav,Bark,1
d45c69e9.wav,Drawer_open_or_close,1
d451b648.wav,Tearing,1
d42e3bf4.wav,Saxophone,1
d42876d6.wav,Microwave_oven,1
d425d7b8.wav,Double_bass,1
d3ede893.wav,Applause,1
d3dee3b9.wav,Finger_snapping,1
d3bf9ace.wav,Cough,1
d3b26714.wav,Cowbell,1
d3ae5c4d.wav,Knock,1
d3add79a.wav,Keys_jangling,1
d39b9035.wav,Double_bass,1
d328db67.wav,Cello,1
d2ee3320.wav,Gunshot_or_gunfire,1
d2d8e2d8.wav,Bus,1
d2d41b54.wav,Knock,1
d2cd80eb.wav,Cello,1
d2c6aa69.wav,Computer_keyboard,1
d2bf88a2.wav,Squeak,1
d2b9dbe3.wav,Laughter,1
d2abc133.wav,Applause,1
d275d2a1.wav,Writing,1
d275719f.wav,Microwave_oven,1
d2630dd1.wav,Gunshot_or_gunfire,1
d25e8e82.wav,Gunshot_or_gunfire,1
d24ffccc.wav,Meow,1
d2408c48.wav,Flute,1
d20f48cd.wav,Telephone,1
d1ed5162.wav,Acoustic_guitar,1
d1e18645.wav,Laughter,1
d1dec8ef.wav,Cello,1
d1d295bd.wav,Laughter,1
d1c54441.wav,Computer_keyboard,1
d1c0cab6.wav,Saxophone,1
d19c1764.wav,Double_bass,1
d16d5863.wav,Bark,1
d14f5df1.wav,Flute,1
d149bd91.wav,Cowbell,1
d1492510.wav,Writing,1
d141ed6c.wav,Chime,1
d126054d.wav,Violin_or_fiddle,1
d11b916e.wav,Harmonica,1
d116cdc6.wav,Squeak,1
d10d9393.wav,Laughter,1
d1055ae3.wav,Laughter,1
d1012c2e.wav,Cello,1
d0f3df9a.wav,Cello,1
d0dd2ca3.wav,Oboe,1
d0d932ad.wav,Keys_jangling,1
d0d0249f.wav,Violin_or_fiddle,1
d0c5c389.wav,Oboe,1
d0a88003.wav,Tambourine,1
d0826760.wav,Violin_or_fiddle,1
d0434a11.wav,Gunshot_or_gunfire,1
d039d135.wav,Knock,1
d035d92e.wav,Meow,1
d033f680.wav,Oboe,1
d01afeb4.wav,Gunshot_or_gunfire,1
d0141870.wav,Cough,1
d011c434.wav,Knock,1
d000e828.wav,Cough,1
cff980e3.wav,Oboe,1
cfdfe861.wav,Bus,1
cfd6085a.wav,Harmonica,1
cfb9c5fd.wav,Violin_or_fiddle,1
cf9f9d32.wav,Cello,1
cf8c5111.wav,Violin_or_fiddle,1
cf79b314.wav,Violin_or_fiddle,1
cf73caf7.wav,Oboe,1
cf52251c.wav,Bus,1
cf5073f3.wav,Fireworks,1
cf3a73a6.wav,Writing,1
cf242525.wav,Laughter,1
cf09ca4f.wav,Saxophone,1
cef7f23d.wav,Shatter,1
ceca4273.wav,Violin_or_fiddle,1
cec21578.wav,Cowbell,1
ceba3f99.wav,Applause,1
ceb8e323.wav,Hi-hat,1
ce9b1907.wav,Glockenspiel,1
ce8d1378.wav,Squeak,1
ce75b5ce.wav,Bass_drum,1
ce65d6b5.wav,Clarinet,1
ce3f3400.wav,Bass_drum,1
ce34b933.wav,Acoustic_guitar,1
ce03e0d8.wav,Electric_piano,1
cdfc8967.wav,Bass_drum,1
cdfc084a.wav,Burping_or_eructation,1
cdeece57.wav,Violin_or_fiddle,1
cdee690e.wav,Applause,1
cde37f38.wav,Oboe,1
cdc5fe8e.wav,Violin_or_fiddle,1
cda43248.wav,Glockenspiel,1
cd9444a0.wav,Violin_or_fiddle,1
cd939e21.wav,Saxophone,1
cd4aad88.wav,Squeak,1
cd40c96c.wav,Gong,1
cd404498.wav,Finger_snapping,1
cd3e20ec.wav,Computer_keyboard,1
cd3c8232.wav,Tearing,1
cd3913f8.wav,Microwave_oven,1
cd360da2.wav,Finger_snapping,1
cd271584.wav,Telephone,1
cd13f3b7.wav,Tambourine,1
cd0f5e44.wav,Telephone,1
ccf3fc51.wav,Trumpet,1
cce60b15.wav,Gunshot_or_gunfire,1
cce3445b.wav,Microwave_oven,1
ccd7386d.wav,Cowbell,1
cca27a50.wav,Meow,1
cc986a42.wav,Hi-hat,1
cc95ef17.wav,Shatter,1
cc90ad7a.wav,Harmonica,1
cc74596d.wav,Writing,1
cc4c0c06.wav,Microwave_oven,1
cc4b2f59.wav,Fireworks,1
cc2f3023.wav,Electric_piano,1
cc1fa52e.wav,Glockenspiel,1
cc158878.wav,Shatter,1
cc0b84e8.wav,Fireworks,1
cc046f8d.wav,Acoustic_guitar,1
cc01a92e.wav,Finger_snapping,1
cbfc7fb8.wav,Scissors,1
cbf5074f.wav,Bus,1
cbecbb18.wav,Saxophone,1
cbe59820.wav,Knock,1
cbdc3764.wav,Tearing,1
cbc8d551.wav,Cello,1
cbbe9476.wav,Saxophone,1
cba69173.wav,Bus,1
cba68348.wav,Clarinet,1
cba5a930.wav,Tearing,1
cb7d9924.wav,Trumpet,1
cb65645f.wav,Knock,1
cb5d5737.wav,Cough,1
cb3890ce.wav,Shatter,1
cb1b98b7.wav,Oboe,1
cb004a4f.wav,Oboe,1
cae0d841.wav,Snare_drum,1
cac7dcf1.wav,Acoustic_guitar,1
cab49319.wav,Cough,1
ca8ab8c2.wav,Applause,1
ca8653d2.wav,Flute,1
ca819704.wav,Gunshot_or_gunfire,1
ca7c441f.wav,Finger_snapping,1
ca415578.wav,Knock,1
ca3f3698.wav,Bass_drum,1
ca37bc8d.wav,Burping_or_eructation,1
ca348cbb.wav,Double_bass,1
ca1cffc7.wav,Cough,1
ca15d513.wav,Tambourine,1
c9fb642d.wav,Violin_or_fiddle,1
c9e97784.wav,Violin_or_fiddle,1
c9c95706.wav,Cello,1
c9c668ad.wav,Gunshot_or_gunfire,1
c9babb89.wav,Clarinet,1
c9b0a8b6.wav,Chime,1
c9a63f2f.wav,Squeak,1
c958109f.wav,Violin_or_fiddle,1
c9563348.wav,Glockenspiel,1
c939ba79.wav,Clarinet,1
c938e974.wav,Cowbell,1
c9238d7d.wav,Drawer_open_or_close,1
c90feba0.wav,Burping_or_eructation,1
c8faa3e3.wav,Saxophone,1
c8ecbbfd.wav,Snare_drum,1
c8c117dc.wav,Violin_or_fiddle,1
c8bb8a34.wav,Saxophone,1
c893ba91.wav,Cowbell,1
c891d213.wav,Tearing,1
c88c6a4b.wav,Flute,1
c8805cbd.wav,Oboe,1
c8802fa4.wav,Finger_snapping,1
c843ec67.wav,Gong,1
c840804f.wav,Double_bass,1
c83e0fa1.wav,Double_bass,1
c7ff089f.wav,Double_bass,1
c7e780c7.wav,Violin_or_fiddle,1
c7e13e3e.wav,Cowbell,1
c7df3246.wav,Tambourine,1
c7dd4875.wav,Tambourine,1
c7d81f1b.wav,Cello,1
c79d3eab.wav,Fireworks,1
c784c9c2.wav,Gong,1
c7846d27.wav,Acoustic_guitar,1
c7823f25.wav,Laughter,1
c753df31.wav,Oboe,1
c742d233.wav,Meow,1
c7282ede.wav,Saxophone,1
c724bd21.wav,Finger_snapping,1
c7195d8d.wav,Bus,1
c71357b7.wav,Cello,1
c7084f84.wav,Clarinet,1
c7030073.wav,Laughter,1
c6f603bf.wav,Electric_piano,1
c6f4b277.wav,Cello,1
c6f0f0a0.wav,Bark,1
c6f0dfcb.wav,Microwave_oven,1
c6e2218c.wav,Flute,1
c6914a89.wav,Oboe,1
c6865306.wav,Violin_or_fiddle,1
c685f05f.wav,Saxophone,1
c683f28f.wav,Flute,1
c6802358.wav,Violin_or_fiddle,1
c67cb855.wav,Cello,1
c672ed7f.wav,Burping_or_eructation,1
c66094de.wav,Saxophone,1
c644852c.wav,Saxophone,1
c6311bf9.wav,Bark,1
c6275240.wav,Writing,1
c62337be.wav,Writing,1
c613d96c.wav,Fireworks,1
c5aba2fc.wav,Keys_jangling,1
c5a9ac99.wav,Finger_snapping,1
c56ad7af.wav,Violin_or_fiddle,1
c541c675.wav,Gong,1
c53a217e.wav,Hi-hat,1
c51d5670.wav,Cough,1
c5064313.wav,Acoustic_guitar,1
c4ed0653.wav,Computer_keyboard,1
c4ed0194.wav,Violin_or_fiddle,1
c4cab9de.wav,Glockenspiel,1
c4bd06ec.wav,Chime,1
c4a757ad.wav,Writing,1
c49b9a9a.wav,Microwave_oven,1
c490b6e1.wav,Drawer_open_or_close,1
c486fa15.wav,Chime,1
c45ed547.wav,Acoustic_guitar,1
c45994bd.wav,Electric_piano,1
c447910b.wav,Clarinet,1
c424d929.wav,Saxophone,1
c41ccd89.wav,Oboe,1
c41c1d11.wav,Double_bass,1
c40632d7.wav,Saxophone,1
c402456b.wav,Saxophone,1
c3c790fe.wav,Clarinet,1
c39789a7.wav,Cello,1
c3605370.wav,Shatter,1
c3263833.wav,Flute,1
c31a0cbd.wav,Keys_jangling,1
c304193d.wav,Flute,1
c301b5ed.wav,Violin_or_fiddle,1
c3015f33.wav,Trumpet,1
c2fc59e3.wav,Cowbell,1
c2e7af88.wav,Tambourine,1
c2d52ec8.wav,Tambourine,1
c2b5867c.wav,Telephone,1
c2aeb8a0.wav,Keys_jangling,1
c27d2fc5.wav,Knock,1
c2683452.wav,Meow,1
c24332a0.wav,Shatter,1
c22d6f90.wav,Bark,1
c2186e8e.wav,Meow,1
c2138e33.wav,Cough,1
c206744b.wav,Applause,1
c1fa9996.wav,Writing,1
c1f18487.wav,Saxophone,1
c1c3c8b9.wav,Saxophone,1
c1bc9813.wav,Violin_or_fiddle,1
c1a111fc.wav,Meow,1
c19cc539.wav,Fart,1
c19bdbf5.wav,Squeak,1
c1948f24.wav,Saxophone,1
c189f858.wav,Fireworks,1
c1762185.wav,Saxophone,1
c16fb7fe.wav,Hi-hat,1
c153f347.wav,Bass_drum,1
c1427da5.wav,Flute,1
c12e9d1b.wav,Tearing,1
c12051ba.wav,Finger_snapping,1
c11bacda.wav,Bass_drum,1
c110f86f.wav,Snare_drum,1
c10e4045.wav,Gong,1
c107d918.wav,Fart,1
c102ee9f.wav,Gunshot_or_gunfire,1
c100da2a.wav,Snare_drum,1
c0f558f9.wav,Violin_or_fiddle,1
c0e31ded.wav,Flute,1
c0e0ce17.wav,Oboe,1
c0ddf010.wav,Double_bass,1
c0d49272.wav,Clarinet,1
c0cef44e.wav,Gunshot_or_gunfire,1
c0a894a5.wav,Drawer_open_or_close,1
c0a60449.wav,Flute,1
c09e6cf5.wav,Cowbell,1
c08227e9.wav,Flute,1
c07962ee.wav,Finger_snapping,1
c076bb26.wav,Squeak,1
c070e8ab.wav,Drawer_open_or_close,1
c05d48b7.wav,Chime,1
c03f458c.wav,Telephone,1
c03a3077.wav,Finger_snapping,1
c02503c7.wav,Oboe,1
c01e53f9.wav,Telephone,1
c010b3c1.wav,Drawer_open_or_close,1
c0041b0c.wav,Applause,1
bffd6b19.wav,Glockenspiel,1
bff620df.wav,Laughter,1
bfed2ab1.wav,Writing,1
bfd73e2b.wav,Cello,1
bfbfa1d3.wav,Cough,1
bfb17663.wav,Meow,1
bfa765a5.wav,Scissors,1
bf9dc054.wav,Clarinet,1
bf87ccd1.wav,Oboe,1
bf84f687.wav,Trumpet,1
bf68e89c.wav,Cowbell,1
bf5947a8.wav,Gong,1
bf4de14d.wav,Oboe,1
bf075487.wav,Gunshot_or_gunfire,1
beeb29b2.wav,Computer_keyboard,1
bed04b14.wav,Microwave_oven,1
bece203c.wav,Meow,1
beb0de1c.wav,Saxophone,1
beb08c40.wav,Writing,1
bea51ca5.wav,Bass_drum,1
be990588.wav,Acoustic_guitar,1
be973667.wav,Fireworks,1
be8bf725.wav,Saxophone,1
be7e8a65.wav,Laughter,1
be7b24cf.wav,Violin_or_fiddle,1
be75288b.wav,Laughter,1
be72f72e.wav,Bark,1
be6c0570.wav,Saxophone,1
be560294.wav,Gong,1
be4f26c0.wav,Flute,1
be3d113e.wav,Flute,1
be2f3e5c.wav,Violin_or_fiddle,1
be1cec35.wav,Trumpet,1
be04d78f.wav,Hi-hat,1
be014d8c.wav,Violin_or_fiddle,1
bdea8ef0.wav,Violin_or_fiddle,1
bde1a5f8.wav,Knock,1
bddb0b0a.wav,Tambourine,1
bdaa2419.wav,Clarinet,1
bdaa15ed.wav,Telephone,1
bd7619e2.wav,Bus,1
bd6fca6d.wav,Microwave_oven,1
bd6663dc.wav,Finger_snapping,1
bd5bcdfa.wav,Saxophone,1
bd5a6718.wav,Acoustic_guitar,1
bd2c737e.wav,Squeak,1
bce5ed32.wav,Saxophone,1
bc9449d2.wav,Bark,1
bc77e442.wav,Drawer_open_or_close,1
bc6b3052.wav,Cough,1
bc32dfc2.wav,Fart,1
bc121fd4.wav,Keys_jangling,1
bbd8d6a1.wav,Knock,1
bbd7db75.wav,Chime,1
bbaa6a80.wav,Violin_or_fiddle,1
bb9c5fff.wav,Flute,1
bb8bd984.wav,Trumpet,1
bb6cde4e.wav,Harmonica,1
bb5e623d.wav,Meow,1
bb36a316.wav,Fireworks,1
bb29073f.wav,Squeak,1
bb1f5874.wav,Acoustic_guitar,1
bb1e58c6.wav,Bark,1
bb170558.wav,Applause,1
bb151a96.wav,Flute,1
badbd98d.wav,Finger_snapping,1
bad1e134.wav,Gunshot_or_gunfire,1
babe29ad.wav,Chime,1
bab98261.wav,Bass_drum,1
baa00aa2.wav,Squeak,1
ba9742d0.wav,Squeak,1
ba8deb96.wav,Knock,1
ba8cd72b.wav,Tearing,1
ba740bb0.wav,Laughter,1
ba71d31a.wav,Finger_snapping,1
ba7151cd.wav,Computer_keyboard,1
ba6bc4f2.wav,Hi-hat,1
ba648ac1.wav,Violin_or_fiddle,1
ba607131.wav,Double_bass,1
ba1b81bd.wav,Knock,1
ba015e1e.wav,Cello,1
b9dd574a.wav,Acoustic_guitar,1
b9d4d18d.wav,Burping_or_eructation,1
b9ba9503.wav,Trumpet,1
b9b342de.wav,Shatter,1
b99c6036.wav,Clarinet,1
b98165ff.wav,Gong,1
b9445a60.wav,Cowbell,1
b93d6988.wav,Saxophone,1
b93ad6e8.wav,Shatter,1
b9360513.wav,Snare_drum,1
b931fd65.wav,Microwave_oven,1
b8c1d961.wav,Tearing,1
b8c0a88a.wav,Saxophone,1
b8a5bbfb.wav,Fart,1
b88322f6.wav,Acoustic_guitar,1
b86b5a96.wav,Snare_drum,1
b85bbf96.wav,Writing,1
b844c8dd.wav,Cowbell,1
b83049f4.wav,Saxophone,1
b82d20c4.wav,Drawer_open_or_close,1
b81c523c.wav,Drawer_open_or_close,1
b809aad4.wav,Harmonica,1
b7fab4b5.wav,Cough,1
b7f1a00d.wav,Chime,1
b7e5c702.wav,Violin_or_fiddle,1
b7db48cc.wav,Hi-hat,1
b7c8d2fd.wav,Snare_drum,1
b7aad610.wav,Glockenspiel,1
b7934365.wav,Laughter,1
b78ae01b.wav,Scissors,1
b78197b6.wav,Saxophone,1
b765c7ba.wav,Bus,1
b753a444.wav,Clarinet,1
b74807d2.wav,Keys_jangling,1
b73c3595.wav,Violin_or_fiddle,1
b7271f4a.wav,Glockenspiel,1
b7232407.wav,Cowbell,1
b717026f.wav,Gong,1
b70e9269.wav,Telephone,1
b6d82634.wav,Violin_or_fiddle,1
b6d5c991.wav,Cough,1
b6cbc6a9.wav,Snare_drum,1
b6b9cf46.wav,Trumpet,1
b6992d56.wav,Telephone,1
b6971689.wav,Electric_piano,1
b68f10af.wav,Snare_drum,1
b67dbbb6.wav,Violin_or_fiddle,1
b665434e.wav,Saxophone,1
b639135b.wav,Gunshot_or_gunfire,1
b62aef21.wav,Finger_snapping,1
b6280ab1.wav,Trumpet,1
b618eabc.wav,Drawer_open_or_close,1
b60ff4ea.wav,Saxophone,1
b5eec01c.wav,Violin_or_fiddle,1
b5d7cd0a.wav,Tambourine,1
b5cefb89.wav,Burping_or_eructation,1
b5ab5cdc.wav,Glockenspiel,1
b58b18ec.wav,Laughter,1
b55f29ee.wav,Laughter,1
b532b9e3.wav,Clarinet,1
b51d6534.wav,Drawer_open_or_close,1
b51a7106.wav,Harmonica,1
b51a5a03.wav,Computer_keyboard,1
b5045ae9.wav,Squeak,1
b4f945ee.wav,Glockenspiel,1
b4f5c1e2.wav,Fireworks,1
b4d0856e.wav,Gunshot_or_gunfire,1
b4c03fe3.wav,Violin_or_fiddle,1
b4be81f1.wav,Trumpet,1
b4b2b68d.wav,Flute,1
b4a519aa.wav,Acoustic_guitar,1
b490247e.wav,Clarinet,1
b46cb6aa.wav,Violin_or_fiddle,1
b4608f87.wav,Hi-hat,1
b45ebbb1.wav,Shatter,1
b430afb3.wav,Writing,1
b428466c.wav,Double_bass,1
b4200d90.wav,Trumpet,1
b414cca6.wav,Writing,1
b4087165.wav,Fart,1
b4029ee8.wav,Finger_snapping,1
b3f6f5ed.wav,Trumpet,1
b3d61327.wav,Drawer_open_or_close,1
b3cee50d.wav,Cello,1
b3b77047.wav,Gunshot_or_gunfire,1
b3a24d4b.wav,Cowbell,1
b39db282.wav,Chime,1
b395e56b.wav,Hi-hat,1
b38409bb.wav,Violin_or_fiddle,1
b37b60fb.wav,Cello,1
b35ec39e.wav,Knock,1
b35b2952.wav,Saxophone,1
b35ac4ef.wav,Oboe,1
b31ed1fb.wav,Hi-hat,1
b30bf66d.wav,Finger_snapping,1
b3074ef3.wav,Harmonica,1
b3063450.wav,Bass_drum,1
b2cc1d8b.wav,Tearing,1
b2a78c2a.wav,Tambourine,1
b272072e.wav,Flute,1
b24691eb.wav,Gunshot_or_gunfire,1
b2348b0c.wav,Writing,1
b22ea7c6.wav,Computer_keyboard,1
b2261238.wav,Acoustic_guitar,1
b218444c.wav,Snare_drum,1
b1c70a0c.wav,Computer_keyboard,1
b1c5e414.wav,Oboe,1
b1ae78f2.wav,Tambourine,1
b18b17ca.wav,Clarinet,1
b16a44a5.wav,Electric_piano,1
b15db778.wav,Keys_jangling,1
b120dc90.wav,Saxophone,1
b119181e.wav,Cowbell,1
b0eeb078.wav,Snare_drum,1
b0d9849d.wav,Flute,1
b0c06255.wav,Clarinet,1
b09d2b6a.wav,Hi-hat,1
b0748ed2.wav,Squeak,1
b0545db1.wav,Fireworks,1
b04f0f8a.wav,Laughter,1
b03e05a6.wav,Bark,1
b032fee6.wav,Violin_or_fiddle,1
b03097d6.wav,Saxophone,1
b02c57e9.wav,Acoustic_guitar,1
b02a1669.wav,Squeak,1
b021b8f1.wav,Knock,1
afe33168.wav,Saxophone,1
afcfff7c.wav,Cowbell,1
afc24d59.wav,Cello,1
afadb16e.wav,Trumpet,1
af8c4865.wav,Tambourine,1
af525d74.wav,Laughter,1
af4d21ce.wav,Glockenspiel,1
af3c04ec.wav,Squeak,1
af3ba889.wav,Violin_or_fiddle,1
af2f888a.wav,Tambourine,1
af24f6eb.wav,Tearing,1
af227d6f.wav,Flute,1
af1b313a.wav,Gong,1
af16cacc.wav,Shatter,1
aefd8a46.wav,Acoustic_guitar,1
aeef4dcd.wav,Cough,1
aeeeacfa.wav,Gong,1
aeee87f3.wav,Oboe,1
aed9d22f.wav,Hi-hat,1
aed229aa.wav,Keys_jangling,1
aeb76e9d.wav,Violin_or_fiddle,1
ae8d10a8.wav,Clarinet,1
ae7d1c37.wav,Snare_drum,1
ae7d15cf.wav,Scissors,1
ae7087c7.wav,Scissors,1
ae67b6b6.wav,Clarinet,1
ae5b8b4b.wav,Squeak,1
ae58d0bb.wav,Tambourine,1
ae57e1ec.wav,Harmonica,1
ae1d4a4b.wav,Meow,1
ae12f941.wav,Chime,1
ae046a29.wav,Bark,1
adaada0f.wav,Finger_snapping,1
ada49513.wav,Gunshot_or_gunfire,1
ad9c9701.wav,Computer_keyboard,1
ad7ec8cb.wav,Clarinet,1
ad73fca1.wav,Fart,1
ad62406c.wav,Bus,1
ad4e15d3.wav,Cough,1
ad42e493.wav,Clarinet,1
ad4200e4.wav,Drawer_open_or_close,1
ad2bb540.wav,Applause,1
ad24a452.wav,Burping_or_eructation,1
ad06c90b.wav,Cello,1
acf11a33.wav,Tambourine,1
acd4f800.wav,Chime,1
accdd468.wav,Hi-hat,1
acc419e6.wav,Saxophone,1
acb3d5da.wav,Hi-hat,1
acae415b.wav,Applause,1
acace1fa.wav,Telephone,1
aca975c3.wav,Saxophone,1
aca18275.wav,Violin_or_fiddle,1
ac747df0.wav,Squeak,1
ac5ddb43.wav,Fart,1
ac52ee24.wav,Violin_or_fiddle,1
ac35d055.wav,Cello,1
ac33d962.wav,Keys_jangling,1
ac319796.wav,Finger_snapping,1
ac281c8c.wav,Gong,1
ac097834.wav,Saxophone,1
ac01e5d5.wav,Fart,1
abf7b205.wav,Gunshot_or_gunfire,1
abdf6ac5.wav,Hi-hat,1
abdc7784.wav,Tambourine,1
abda19d9.wav,Knock,1
abd3d6f4.wav,Applause,1
abb3266d.wav,Electric_piano,1
abb0e46e.wav,Violin_or_fiddle,1
abab3819.wav,Chime,1
ab8e8ae3.wav,Cello,1
ab465bf9.wav,Saxophone,1
ab3e0bf2.wav,Computer_keyboard,1
ab31992a.wav,Trumpet,1
ab29ee26.wav,Fireworks,1
aafef284.wav,Trumpet,1
aaf5465b.wav,Fart,1
aad3fd7a.wav,Acoustic_guitar,1
aacbd637.wav,Laughter,1
aac2cd6e.wav,Meow,1
aabb7efe.wav,Scissors,1
aab28420.wav,Violin_or_fiddle,1
aa9ae956.wav,Bass_drum,1
aa82657e.wav,Knock,1
aa813cb9.wav,Laughter,1
aa5bf7d3.wav,Bark,1
aa3c8d3f.wav,Finger_snapping,1
aa3a11a4.wav,Computer_keyboard,1
aa1bbd23.wav,Gunshot_or_gunfire,1
aa129a11.wav,Glockenspiel,1
aa093cc6.wav,Saxophone,1
a9f2c5a8.wav,Keys_jangling,1
a95e1a08.wav,Tearing,1
a94645eb.wav,Shatter,1
a93557a8.wav,Cowbell,1
a91ce660.wav,Burping_or_eructation,1
a8f34ecc.wav,Microwave_oven,1
a8d78e51.wav,Electric_piano,1
a8d1f538.wav,Tambourine,1
a8cf3308.wav,Fart,1
a8b6ece8.wav,Cello,1
a8b67798.wav,Saxophone,1
a87b3d19.wav,Scissors,1
a8787aa4.wav,Harmonica,1
a8683041.wav,Double_bass,1
a85ff4da.wav,Violin_or_fiddle,1
a84de09c.wav,Cowbell,1
a8066ad1.wav,Finger_snapping,1
a7e15331.wav,Clarinet,1
a7cd6a8d.wav,Fireworks,1
a7b7041d.wav,Snare_drum,1
a7b4f36a.wav,Violin_or_fiddle,1
a7b12bf3.wav,Saxophone,1
a7ad0909.wav,Saxophone,1
a7964699.wav,Hi-hat,1
a788588b.wav,Finger_snapping,1
a77e4bcb.wav,Violin_or_fiddle,1
a75e8258.wav,Cello,1
a702f715.wav,Double_bass,1
a6b02a43.wav,Clarinet,1
a6ae8261.wav,Cowbell,1
a67b9265.wav,Gunshot_or_gunfire,1
a6728901.wav,Acoustic_guitar,1
a6526124.wav,Meow,1
a64a3740.wav,Clarinet,1
a6420b34.wav,Saxophone,1
a6339fc0.wav,Cello,1
a63010f7.wav,Oboe,1
a62eee5d.wav,Cowbell,1
a62aa4a5.wav,Burping_or_eructation,1
a5f8d853.wav,Violin_or_fiddle,1
a5f5dbd7.wav,Shatter,1
a5f2e58b.wav,Gunshot_or_gunfire,1
a5ca9e77.wav,Hi-hat,1
a5bfcdee.wav,Scissors,1
a5b01a7d.wav,Double_bass,1
a5a7b9a9.wav,Applause,1
a59b5a08.wav,Cello,1
a591054c.wav,Cough,1
a57ebb7c.wav,Saxophone,1
a5736387.wav,Bark,1
a56c5e8e.wav,Saxophone,1
a549f01b.wav,Oboe,1
a531c210.wav,Oboe,1
a50e8a8c.wav,Cowbell,1
a50b86f7.wav,Tearing,1
a508c78f.wav,Electric_piano,1
a4f46324.wav,Flute,1
a4f2be4f.wav,Computer_keyboard,1
a4d11070.wav,Gong,1
a4c6a3f7.wav,Acoustic_guitar,1
a4bd3031.wav,Harmonica,1
a4b8ca75.wav,Finger_snapping,1
a4791802.wav,Saxophone,1
a46e9f8f.wav,Electric_piano,1
a4440d35.wav,Cowbell,1
a4307903.wav,Shatter,1
a3d2df4c.wav,Finger_snapping,1
a3c4944f.wav,Electric_piano,1
a39ed97d.wav,Clarinet,1
a392fe69.wav,Violin_or_fiddle,1
a38815ad.wav,Saxophone,1
a37e6f07.wav,Cough,1
a36aed9f.wav,Glockenspiel,1
a3567996.wav,Keys_jangling,1
a3484b9f.wav,Saxophone,1
a3458678.wav,Glockenspiel,1
a32de63e.wav,Bus,1
a3116a1b.wav,Knock,1
a3090b56.wav,Trumpet,1
a2f685b6.wav,Violin_or_fiddle,1
a2d9bbfb.wav,Violin_or_fiddle,1
a2d89a87.wav,Gunshot_or_gunfire,1
a2d66bee.wav,Squeak,1
a2cc8c44.wav,Burping_or_eructation,1
a2ad2a9b.wav,Shatter,1
a2abaed4.wav,Meow,1
a2a95496.wav,Bark,1
a29c0dac.wav,Glockenspiel,1
a2728896.wav,Cowbell,1
a268cf7a.wav,Tambourine,1
a2632fce.wav,Cello,1
a2575c2a.wav,Cough,1
a25423a8.wav,Acoustic_guitar,1
a2541f62.wav,Chime,1
a24a925e.wav,Violin_or_fiddle,1
a21f035a.wav,Keys_jangling,1
a20aeb44.wav,Saxophone,1
a1e6c805.wav,Meow,1
a1d5a86b.wav,Tearing,1
a1b369d7.wav,Hi-hat,1
a1a68f8d.wav,Keys_jangling,1
a1a41c2c.wav,Shatter,1
a1a12413.wav,Double_bass,1
a1a0fad2.wav,Snare_drum,1
a19e7349.wav,Gunshot_or_gunfire,1
a18de0a5.wav,Acoustic_guitar,1
a18d0bd5.wav,Squeak,1
a187f5bf.wav,Cowbell,1
a1751510.wav,Cough,1
a16cc0fc.wav,Saxophone,1
a1547447.wav,Cello,1
a146cb0d.wav,Meow,1
a142729e.wav,Finger_snapping,1
a13d958c.wav,Cowbell,1
a13c3b3b.wav,Clarinet,1
a139a928.wav,Clarinet,1
a1142a5e.wav,Acoustic_guitar,1
a0d273d0.wav,Saxophone,1
a0cbe92e.wav,Double_bass,1
a090c45a.wav,Hi-hat,1
a07014b6.wav,Clarinet,1
a06d12d9.wav,Bus,1
a067129f.wav,Fireworks,1
a064e93f.wav,Tearing,1
a053797b.wav,Clarinet,1
a007b3ad.wav,Keys_jangling,1
a00037dc.wav,Cowbell,1
9fe17d08.wav,Fireworks,1
9fafd09e.wav,Saxophone,1
9f84ea5a.wav,Snare_drum,1
9f7dfef2.wav,Burping_or_eructation,1
9f6eac9c.wav,Flute,1
9f6dae21.wav,Cough,1
9f616549.wav,Gong,1
9f534065.wav,Computer_keyboard,1
9f522cda.wav,Flute,1
9f42a285.wav,Flute,1
9f40b21d.wav,Electric_piano,1
9f2a9d7b.wav,Fireworks,1
9f0e3750.wav,Laughter,1
9f0d8ba2.wav,Cello,1
9f0a1a08.wav,Telephone,1
9ee6f88f.wav,Clarinet,1
9ee5e052.wav,Cello,1
9ebb2c3f.wav,Burping_or_eructation,1
9ea6f26b.wav,Glockenspiel,1
9e9c303e.wav,Electric_piano,1
9e80181e.wav,Electric_piano,1
9e613573.wav,Acoustic_guitar,1
9e3bc1b6.wav,Cello,1
9e38c3f0.wav,Violin_or_fiddle,1
9e34f36f.wav,Drawer_open_or_close,1
9e2a67a4.wav,Flute,1
9e1ed2eb.wav,Bark,1
9e1de788.wav,Shatter,1
9df97a89.wav,Electric_piano,1
9df6bdd3.wav,Glockenspiel,1
9df547a5.wav,Microwave_oven,1
9df53186.wav,Burping_or_eructation,1
9dd0141c.wav,Double_bass,1
9db39571.wav,Finger_snapping,1
9dae7848.wav,Burping_or_eructation,1
9da365ac.wav,Squeak,1
9d9102a9.wav,Burping_or_eructation,1
9d89caeb.wav,Harmonica,1
9d868658.wav,Laughter,1
9d674091.wav,Oboe,1
9d5cbd33.wav,Keys_jangling,1
9d59a719.wav,Applause,1
9d5784e8.wav,Computer_keyboard,1
9d4e4025.wav,Cough,1
9d3bb566.wav,Tambourine,1
9d3927d8.wav,Oboe,1
9d308738.wav,Snare_drum,1
9d03c79b.wav,Cowbell,1
9cf87d5e.wav,Flute,1
9cee0b0f.wav,Telephone,1
9ced37af.wav,Saxophone,1
9ce1bcab.wav,Snare_drum,1
9cdfc973.wav,Drawer_open_or_close,1
9cdbf719.wav,Trumpet,1
9cd05a2b.wav,Saxophone,1
9cc4b0d0.wav,Snare_drum,1
9cc1cf39.wav,Flute,1
9cc14c5f.wav,Cough,1
9cb7a081.wav,Scissors,1
9cb64934.wav,Shatter,1
9c91c331.wav,Fireworks,1
9c917ad7.wav,Cello,1
9c54eea1.wav,Shatter,1
9c3579f4.wav,Electric_piano,1
9c33b001.wav,Writing,1
9c27892f.wav,Saxophone,1
9c13c0f4.wav,Clarinet,1
9c0cf859.wav,Meow,1
9c0838c1.wav,Saxophone,1
9bf40e11.wav,Bark,1
9b7ef58b.wav,Applause,1
9b78ff5c.wav,Hi-hat,1
9b3f965b.wav,Hi-hat,1
9b3d6d2f.wav,Writing,1
9b3cfa23.wav,Cough,1
9b383f73.wav,Fart,1
9b2c9768.wav,Trumpet,1
9b1ede13.wav,Laughter,1
9adffd44.wav,Bass_drum,1
9adeec85.wav,Violin_or_fiddle,1
9ad0b702.wav,Glockenspiel,1
9ab8ad15.wav,Applause,1
9a8d697e.wav,Scissors,1
9a87841a.wav,Bass_drum,1
9a76ee63.wav,Cough,1
9a722e53.wav,Clarinet,1
9a6a9cff.wav,Applause,1
9a6a0993.wav,Hi-hat,1
9a679751.wav,Violin_or_fiddle,1
9a513935.wav,Cowbell,1
9a4bfb69.wav,Bass_drum,1
9a3f54d2.wav,Knock,1
9a3ce4ef.wav,Saxophone,1
9a332642.wav,Cough,1
9a32a055.wav,Cowbell,1
9a1c79fe.wav,Telephone,1
9a0ad181.wav,Cello,1
9a01151b.wav,Flute,1
99fa57ed.wav,Electric_piano,1
99e97f38.wav,Double_bass,1
99e81de6.wav,Cello,1
99ca03d2.wav,Clarinet,1
99c96a07.wav,Hi-hat,1
99bbe4d1.wav,Saxophone,1
99b6b48a.wav,Meow,1
99b5619a.wav,Gunshot_or_gunfire,1
99b03726.wav,Meow,1
99a5838c.wav,Double_bass,1
9988cb57.wav,Laughter,1
9984bfd9.wav,Hi-hat,1
99411449.wav,Saxophone,1
993f7c05.wav,Flute,1
993420a6.wav,Saxophone,1
9923ddf8.wav,Acoustic_guitar,1
991fa1d7.wav,Writing,1
991c3b79.wav,Knock,1
990e6fc3.wav,Saxophone,1
98fb288b.wav,Saxophone,1
98e3623d.wav,Shatter,1
98da8281.wav,Telephone,1
98d6a254.wav,Cello,1
98cc7798.wav,Burping_or_eructation,1
98c33093.wav,Telephone,1
98c03092.wav,Chime,1
98ba4032.wav,Electric_piano,1
98aeddbf.wav,Clarinet,1
98ad6653.wav,Telephone,1
9883aefa.wav,Gunshot_or_gunfire,1
98744c9c.wav,Drawer_open_or_close,1
9836ea79.wav,Knock,1
98333c50.wav,Cowbell,1
982e16a5.wav,Harmonica,1
98251d65.wav,Violin_or_fiddle,1
9814c7c8.wav,Fart,1
97fa44da.wav,Scissors,1
97db1f95.wav,Violin_or_fiddle,1
97bbab94.wav,Gunshot_or_gunfire,1
97abaf0c.wav,Writing,1
97a1d2cb.wav,Clarinet,1
9797e752.wav,Gong,1
976ebccb.wav,Writing,1
976bb2f4.wav,Violin_or_fiddle,1
9760d7b1.wav,Knock,1
975fe58b.wav,Drawer_open_or_close,1
972a4b10.wav,Applause,1
9728b75b.wav,Oboe,1
96eccbcd.wav,Harmonica,1
96e3d136.wav,Telephone,1
96df59a4.wav,Laughter,1
96dad435.wav,Saxophone,1
96d2f638.wav,Scissors,1
96b50a2f.wav,Harmonica,1
96b36461.wav,Drawer_open_or_close,1
96a05522.wav,Keys_jangling,1
969d8270.wav,Gong,1
969b4f60.wav,Cello,1
9693b0fe.wav,Acoustic_guitar,1
9684f313.wav,Writing,1
96815d71.wav,Violin_or_fiddle,1
966cb1c0.wav,Glockenspiel,1
965e56e4.wav,Cello,1
9635b5e1.wav,Cowbell,1
95e1d0ae.wav,Double_bass,1
95b961c8.wav,Clarinet,1
95a54c9a.wav,Clarinet,1
95a1a668.wav,Burping_or_eructation,1
958104a1.wav,Squeak,1
957a1c84.wav,Violin_or_fiddle,1
955561df.wav,Electric_piano,1
954fb510.wav,Gong,1
952b79a6.wav,Knock,1
952a9bad.wav,Scissors,1
9522a3f6.wav,Violin_or_fiddle,1
94f7e531.wav,Keys_jangling,1
94d302ef.wav,Bark,1
94c271cf.wav,Scissors,1
94b5936a.wav,Cello,1
94ac7699.wav,Violin_or_fiddle,1
9494e46f.wav,Knock,1
9482e6aa.wav,Hi-hat,1
9482ce36.wav,Cowbell,1
945ccbcd.wav,Gong,1
944a111e.wav,Drawer_open_or_close,1
9417a0cd.wav,Meow,1
9411caa7.wav,Oboe,1
94072fe7.wav,Hi-hat,1
93b3c709.wav,Trumpet,1
93a7c4fe.wav,Microwave_oven,1
93a6dc48.wav,Harmonica,1
93519b51.wav,Cello,1
93317f83.wav,Burping_or_eructation,1
9320c55f.wav,Snare_drum,1
930d93e8.wav,Clarinet,1
930742b0.wav,Keys_jangling,1
93031ffc.wav,Shatter,1
92f15847.wav,Shatter,1
92ed10c3.wav,Keys_jangling,1
92d6bb08.wav,Keys_jangling,1
92c1d241.wav,Laughter,1
928176ed.wav,Gong,1
92682b7c.wav,Gunshot_or_gunfire,1
925de4db.wav,Squeak,1
924a5edc.wav,Bass_drum,1
9242007f.wav,Laughter,1
922e13bc.wav,Scissors,1
921eee9d.wav,Bass_drum,1
91dec7b9.wav,Fart,1
91ad5777.wav,Oboe,1
918e91ba.wav,Flute,1
918d0d06.wav,Saxophone,1
917940e7.wav,Laughter,1
9168923c.wav,Shatter,1
91589588.wav,Cello,1
9147666d.wav,Violin_or_fiddle,1
912c25f8.wav,Shatter,1
911a824f.wav,Drawer_open_or_close,1
910dc153.wav,Electric_piano,1
90ecea38.wav,Gunshot_or_gunfire,1
90e2a01d.wav,Gunshot_or_gunfire,1
90a3a39c.wav,Flute,1
9053941a.wav,Double_bass,1
903f5020.wav,Saxophone,1
902357e2.wav,Glockenspiel,1
8fe28f2e.wav,Microwave_oven,1
8fe0469c.wav,Saxophone,1
8fde3ad1.wav,Tambourine,1
8fb0b956.wav,Chime,1
8fa8aab6.wav,Burping_or_eructation,1
8fa096bf.wav,Saxophone,1
8f9ebf7b.wav,Knock,1
8f7a89f4.wav,Gunshot_or_gunfire,1
8f5cdb59.wav,Harmonica,1
8f223da9.wav,Saxophone,1
8f19c3a5.wav,Snare_drum,1
8f10f476.wav,Hi-hat,1
8f0a4562.wav,Bark,1
8f0513e9.wav,Hi-hat,1
8f02b1f2.wav,Tearing,1
8eee05c1.wav,Oboe,1
8ee44fb5.wav,Clarinet,1
8eae7d07.wav,Computer_keyboard,1
8e9d1edf.wav,Knock,1
8e8abdc1.wav,Microwave_oven,1
8e7aa2e1.wav,Harmonica,1
8e71e639.wav,Fart,1
8e58f5e5.wav,Bark,1
8e431770.wav,Microwave_oven,1
8e33db3e.wav,Chime,1
8e2df31d.wav,Cello,1
8e135724.wav,Saxophone,1
8e09320a.wav,Fart,1
8e07e2e1.wav,Bark,1
8dde6929.wav,Applause,1
8dccb289.wav,Keys_jangling,1
8da75280.wav,Acoustic_guitar,1
8da6c391.wav,Saxophone,1
8da48ff3.wav,Squeak,1
8d8fb79c.wav,Glockenspiel,1
8d8ed10d.wav,Violin_or_fiddle,1
8d8a80b5.wav,Cowbell,1
8d7d7dba.wav,Violin_or_fiddle,1
8d72a0b3.wav,Flute,1
8d6823f1.wav,Chime,1
8d51290f.wav,Cello,1
8d4f9ffa.wav,Double_bass,1
8d458e5a.wav,Gong,1
8d3acc31.wav,Shatter,1
8d3a58d0.wav,Tearing,1
8d31e024.wav,Writing,1
8d314fba.wav,Oboe,1
8d1109d2.wav,Gunshot_or_gunfire,1
8ce4c32b.wav,Oboe,1
8ce2e863.wav,Double_bass,1
8ce07f01.wav,Harmonica,1
8cd809d3.wav,Hi-hat,1
8cce99fa.wav,Telephone,1
8cc7897c.wav,Bark,1
8c9da787.wav,Violin_or_fiddle,1
8c955bf1.wav,Finger_snapping,1
8c7b4f0e.wav,Telephone,1
8c4c25d9.wav,Laughter,1
8c452b56.wav,Flute,1
8c1d4c50.wav,Violin_or_fiddle,1
8c0e42bb.wav,Computer_keyboard,1
8bf2660c.wav,Tambourine,1
8bbd48e2.wav,Trumpet,1
8b6a16de.wav,Bass_drum,1
8b65c98b.wav,Saxophone,1
8b613dd2.wav,Gunshot_or_gunfire,1
8b466188.wav,Scissors,1
8b28686b.wav,Writing,1
8b14e805.wav,Snare_drum,1
8af3c40f.wav,Cello,1
8ae899e7.wav,Telephone,1
8ae50c6c.wav,Fireworks,1
8ad0ed99.wav,Finger_snapping,1
8ac249cc.wav,Bass_drum,1
8aab3694.wav,Cowbell,1
8a8a9e60.wav,Finger_snapping,1
8a853191.wav,Telephone,1
8a843f42.wav,Snare_drum,1
8a68f631.wav,Saxophone,1
8a635ff8.wav,Tambourine,1
8a4d0d1e.wav,Hi-hat,1
8a45aa41.wav,Gunshot_or_gunfire,1
8a364f26.wav,Applause,1
8a2f4e19.wav,Acoustic_guitar,1
8a05af88.wav,Chime,1
89d4119c.wav,Oboe,1
89d16dbb.wav,Trumpet,1
89c5c01b.wav,Harmonica,1
89b17560.wav,Microwave_oven,1
8986cced.wav,Flute,1
897fc1c4.wav,Chime,1
896797e3.wav,Computer_keyboard,1
89515baf.wav,Meow,1
892a2db5.wav,Electric_piano,1
8928d1c6.wav,Bus,1
8916ffcd.wav,Clarinet,1
89055011.wav,Violin_or_fiddle,1
88e792b8.wav,Laughter,1
88dbcd44.wav,Keys_jangling,1
88cb5fa7.wav,Gunshot_or_gunfire,1
88c42e27.wav,Gong,1
889edf2f.wav,Violin_or_fiddle,1
889a0bc2.wav,Violin_or_fiddle,1
88780eac.wav,Bass_drum,1
887435e1.wav,Gunshot_or_gunfire,1
88507406.wav,Trumpet,1
88500b88.wav,Cello,1
881ef01f.wav,Fireworks,1
880f4f68.wav,Tambourine,1
87fc1fad.wav,Applause,1
87e8ae71.wav,Violin_or_fiddle,1
87d039f6.wav,Electric_piano,1
87a2b293.wav,Hi-hat,1
87a12c75.wav,Bark,1
879ed758.wav,Telephone,1
877cf83e.wav,Knock,1
87608845.wav,Gong,1
874959d9.wav,Clarinet,1
87286ca4.wav,Saxophone,1
87065860.wav,Oboe,1
87039812.wav,Hi-hat,1
86fb0077.wav,Harmonica,1
86fac849.wav,Laughter,1
86e9e5a2.wav,Keys_jangling,1
86881793.wav,Harmonica,1
8680253f.wav,Scissors,1
86692bfd.wav,Bark,1
865defec.wav,Gong,1
863b0255.wav,Oboe,1
86392626.wav,Knock,1
860a2f2e.wav,Saxophone,1
8607ea02.wav,Telephone,1
8606ec28.wav,Bark,1
85fad626.wav,Gong,1
85e3073f.wav,Saxophone,1
85d6a7d2.wav,Flute,1
85cbd616.wav,Squeak,1
85bd7e1b.wav,Violin_or_fiddle,1
85b3b38d.wav,Violin_or_fiddle,1
85b3260e.wav,Oboe,1
8599f0a2.wav,Saxophone,1
8585a392.wav,Clarinet,1
85834e0b.wav,Flute,1
85830943.wav,Shatter,1
8558d866.wav,Flute,1
85516706.wav,Applause,1
85470ae2.wav,Squeak,1
853c629f.wav,Writing,1
853c5a08.wav,Cello,1
85395673.wav,Trumpet,1
851eef4a.wav,Fireworks,1
84f5b84b.wav,Flute,1
84f46494.wav,Clarinet,1
84e54455.wav,Saxophone,1
84d59369.wav,Gunshot_or_gunfire,1
84d0e459.wav,Tambourine,1
84c521bf.wav,Saxophone,1
84ba894c.wav,Saxophone,1
84a94600.wav,Drawer_open_or_close,1
84a731ba.wav,Drawer_open_or_close,1
848faca3.wav,Violin_or_fiddle,1
84658e7e.wav,Fart,1
844da63b.wav,Hi-hat,1
843035cc.wav,Shatter,1
8400fd89.wav,Oboe,1
83ee99c0.wav,Burping_or_eructation,1
83c3d42b.wav,Fireworks,1
83bf905c.wav,Saxophone,1
83be8d1d.wav,Harmonica,1
83bd40b1.wav,Saxophone,1
838edf19.wav,Fart,1
837d1343.wav,Squeak,1
834ccf9d.wav,Oboe,1
8343332e.wav,Tearing,1
8332e01d.wav,Double_bass,1
833284de.wav,Computer_keyboard,1
8316af6a.wav,Hi-hat,1
82fa96a7.wav,Acoustic_guitar,1
82ecb65c.wav,Acoustic_guitar,1
82e480d5.wav,Oboe,1
82d58fa4.wav,Clarinet,1
82d4fb44.wav,Snare_drum,1
82c11a88.wav,Violin_or_fiddle,1
82b513fe.wav,Violin_or_fiddle,1
82aa2d0a.wav,Harmonica,1
827ea9af.wav,Fart,1
826f23dd.wav,Acoustic_guitar,1
824c69d3.wav,Violin_or_fiddle,1
8241c38c.wav,Harmonica,1
823e3be5.wav,Acoustic_guitar,1
8231db6e.wav,Hi-hat,1
822fdbff.wav,Violin_or_fiddle,1
820f3645.wav,Saxophone,1
820bcee9.wav,Bass_drum,1
820a35a5.wav,Tambourine,1
81f64557.wav,Knock,1
81ec0f35.wav,Tambourine,1
81e56a0f.wav,Violin_or_fiddle,1
81d9f077.wav,Cello,1
81d516e0.wav,Meow,1
81c569b4.wav,Fireworks,1
81be79f6.wav,Flute,1
81b285ba.wav,Chime,1
81a8919b.wav,Laughter,1
8187a4ec.wav,Gong,1
817c5d68.wav,Drawer_open_or_close,1
816d65da.wav,Trumpet,1
8128d80e.wav,Trumpet,1
811e1301.wav,Clarinet,1
811bf309.wav,Cello,1
80f5c04c.wav,Knock,1
80f1c762.wav,Knock,1
80ee3cc7.wav,Computer_keyboard,1
80d770cd.wav,Saxophone,1
80d11b17.wav,Violin_or_fiddle,1
80c11722.wav,Cough,1
80bbb34a.wav,Harmonica,1
80b495a8.wav,Tearing,1
809ea09e.wav,Bass_drum,1
808f7ab9.wav,Knock,1
8084970f.wav,Saxophone,1
80811d3f.wav,Glockenspiel,1
807e8ac4.wav,Flute,1
8073923c.wav,Double_bass,1
807116b8.wav,Clarinet,1
8068797e.wav,Squeak,1
8055f4cb.wav,Oboe,1
80536499.wav,Tearing,1
802a3f2a.wav,Fireworks,1
8023318b.wav,Gunshot_or_gunfire,1
801a341a.wav,Violin_or_fiddle,1
800b401e.wav,Clarinet,1
8008d62d.wav,Chime,1
7fe9ea95.wav,Glockenspiel,1
7fdf7200.wav,Fart,1
7fb743e5.wav,Telephone,1
7fb68d4d.wav,Saxophone,1
7fa88daa.wav,Saxophone,1
7f828087.wav,Acoustic_guitar,1
7f7cb49c.wav,Gong,1
7f70f1a1.wav,Bark,1
7f60f335.wav,Laughter,1
7f553a15.wav,Violin_or_fiddle,1
7ef380a8.wav,Acoustic_guitar,1
7ee7a710.wav,Double_bass,1
7edba859.wav,Burping_or_eructation,1
7ec8b121.wav,Saxophone,1
7eb9dac0.wav,Violin_or_fiddle,1
7eb959ec.wav,Clarinet,1
7eadea22.wav,Violin_or_fiddle,1
7e169834.wav,Writing,1
7e119ca2.wav,Telephone,1
7df4a559.wav,Gunshot_or_gunfire,1
7dde0c9b.wav,Gunshot_or_gunfire,1
7dda9dc2.wav,Bass_drum,1
7d896090.wav,Cello,1
7d70091a.wav,Microwave_oven,1
7d56f695.wav,Chime,1
7d4963eb.wav,Applause,1
7d46df5d.wav,Applause,1
7d409745.wav,Oboe,1
7d37ed76.wav,Saxophone,1
7d247397.wav,Knock,1
7d13cc12.wav,Keys_jangling,1
7d11b3b4.wav,Bass_drum,1
7cf2c161.wav,Keys_jangling,1
7cd36ab9.wav,Fireworks,1
7cc65c00.wav,Saxophone,1
7cb16dca.wav,Drawer_open_or_close,1
7caeda63.wav,Violin_or_fiddle,1
7c91f847.wav,Gunshot_or_gunfire,1
7c611dd7.wav,Squeak,1
7c3f7dda.wav,Telephone,1
7c1cccaa.wav,Harmonica,1
7c07d6ac.wav,Double_bass,1
7bce7d7c.wav,Acoustic_guitar,1
7bc4dab0.wav,Trumpet,1
7bbc5503.wav,Tearing,1
7bb60688.wav,Computer_keyboard,1
7b8e73b7.wav,Fireworks,1
7b8874c3.wav,Electric_piano,1
7b766793.wav,Snare_drum,1
7b6b328f.wav,Saxophone,1
7b6a119e.wav,Violin_or_fiddle,1
7b631ab5.wav,Tearing,1
7b5777f2.wav,Saxophone,1
7b4e4ea4.wav,Glockenspiel,1
7b460e46.wav,Violin_or_fiddle,1
7b085710.wav,Trumpet,1
7b07c16f.wav,Gong,1
7af0f234.wav,Flute,1
7ae6096a.wav,Gong,1
7ab5800d.wav,Meow,1
7aa93bef.wav,Snare_drum,1
7a8cd995.wav,Squeak,1
7a80327b.wav,Clarinet,1
7a7a59fd.wav,Glockenspiel,1
7a61b4f2.wav,Computer_keyboard,1
7a5a8e6a.wav,Flute,1
7a515659.wav,Meow,1
7a458eec.wav,Saxophone,1
7a431157.wav,Oboe,1
7a397092.wav,Trumpet,1
7a392ab8.wav,Fireworks,1
7a20c7f1.wav,Gunshot_or_gunfire,1
7a18ea6f.wav,Scissors,1
7a002442.wav,Finger_snapping,1
79e99e49.wav,Fireworks,1
7996c815.wav,Glockenspiel,1
799055b8.wav,Meow,1
798d6d5e.wav,Cough,1
798d03b7.wav,Fart,1
798b33e8.wav,Acoustic_guitar,1
79753d0c.wav,Saxophone,1
796c25a1.wav,Violin_or_fiddle,1
794e4a17.wav,Burping_or_eructation,1
794b500a.wav,Fireworks,1
7936731d.wav,Tearing,1
791648dc.wav,Double_bass,1
78fa599e.wav,Drawer_open_or_close,1
78f90b0f.wav,Squeak,1
78f43145.wav,Gong,1
78f34b3a.wav,Cough,1
78e952a2.wav,Laughter,1
78a86075.wav,Saxophone,1
788d34f0.wav,Tearing,1
787cf41f.wav,Scissors,1
786ee883.wav,Bark,1
786b9250.wav,Drawer_open_or_close,1
784920ab.wav,Applause,1
783bfebc.wav,Tambourine,1
78257899.wav,Computer_keyboard,1
781e92e0.wav,Violin_or_fiddle,1
781e81a8.wav,Fireworks,1
781df1a2.wav,Violin_or_fiddle,1
78182721.wav,Snare_drum,1
77e64c77.wav,Hi-hat,1
77b4d585.wav,Fireworks,1
77ab589f.wav,Harmonica,1
779b0487.wav,Squeak,1
77782997.wav,Gunshot_or_gunfire,1
7773d933.wav,Chime,1
77733fc4.wav,Writing,1
7761c964.wav,Electric_piano,1
77262330.wav,Drawer_open_or_close,1
7715ff41.wav,Microwave_oven,1
76ffffa8.wav,Applause,1
76fdce1b.wav,Clarinet,1
76f2268a.wav,Violin_or_fiddle,1
76ec7b17.wav,Oboe,1
76e56ba9.wav,Double_bass,1
76e07b91.wav,Clarinet,1
76d09788.wav,Keys_jangling,1
76caa735.wav,Saxophone,1
76c64431.wav,Gunshot_or_gunfire,1
76bd2f27.wav,Laughter,1
7694aa91.wav,Oboe,1
76809014.wav,Tearing,1
767c9e2d.wav,Violin_or_fiddle,1
767a04cf.wav,Microwave_oven,1
7671c7ca.wav,Writing,1
7666c60c.wav,Cowbell,1
761c61b6.wav,Drawer_open_or_close,1
761aa8c0.wav,Telephone,1
76186def.wav,Fart,1
75fc7407.wav,Tambourine,1
75f988e6.wav,Acoustic_guitar,1
75f5180e.wav,Scissors,1
75ae3ed3.wav,Electric_piano,1
75976fda.wav,Burping_or_eructation,1
756fc6fa.wav,Cello,1
756f3b73.wav,Keys_jangling,1
756c0e90.wav,Computer_keyboard,1
75632585.wav,Flute,1
755b7792.wav,Bass_drum,1
75552c90.wav,Oboe,1
754c5a8a.wav,Oboe,1
754be109.wav,Laughter,1
75498e93.wav,Cough,1
754667cd.wav,Meow,1
751032c2.wav,Tearing,1
750c0beb.wav,Electric_piano,1
7506dcc4.wav,Acoustic_guitar,1
74de8588.wav,Keys_jangling,1
74d3f71d.wav,Violin_or_fiddle,1
74cfa1eb.wav,Clarinet,1
74c75bde.wav,Cowbell,1
748c5f3b.wav,Saxophone,1
74892199.wav,Shatter,1
74837e3d.wav,Tambourine,1
747bf6fc.wav,Gunshot_or_gunfire,1
7472b44c.wav,Flute,1
7470b8d2.wav,Glockenspiel,1
7470ab2c.wav,Saxophone,1
745db112.wav,Chime,1
7453efda.wav,Squeak,1
744f0497.wav,Knock,1
743ae0f9.wav,Cello,1
743059bb.wav,Harmonica,1
74260c71.wav,Gunshot_or_gunfire,1
7413ebcb.wav,Cowbell,1
740e5bb7.wav,Clarinet,1
73ffc53f.wav,Clarinet,1
73e548a5.wav,Violin_or_fiddle,1
73e326ec.wav,Applause,1
73bbabf9.wav,Cowbell,1
7396e929.wav,Snare_drum,1
7390ae7a.wav,Burping_or_eructation,1
73840309.wav,Saxophone,1
737b7050.wav,Computer_keyboard,1
737a9052.wav,Fart,1
736ec991.wav,Gunshot_or_gunfire,1
73677128.wav,Hi-hat,1
73608822.wav,Cough,1
7352e858.wav,Scissors,1
7352e28f.wav,Saxophone,1
7351502a.wav,Saxophone,1
73508c62.wav,Harmonica,1
731f0692.wav,Double_bass,1
730434e2.wav,Flute,1
73028179.wav,Bass_drum,1
72f47548.wav,Gunshot_or_gunfire,1
72ef8755.wav,Keys_jangling,1
72de958e.wav,Microwave_oven,1
72dd13f1.wav,Cough,1
7281b2db.wav,Tambourine,1
72807ff9.wav,Gong,1
727f6a7f.wav,Knock,1
727f104d.wav,Gunshot_or_gunfire,1
727cc413.wav,Computer_keyboard,1
72761275.wav,Keys_jangling,1
7262a499.wav,Bark,1
7261a227.wav,Hi-hat,1
72451929.wav,Shatter,1
721fade5.wav,Trumpet,1
72118430.wav,Harmonica,1
71fbfed6.wav,Cough,1
71fb2237.wav,Applause,1
71ed6f46.wav,Saxophone,1
71e52061.wav,Violin_or_fiddle,1
71cf40e4.wav,Telephone,1
71c6451f.wav,Clarinet,1
71c58e84.wav,Clarinet,1
71a45cb8.wav,Gunshot_or_gunfire,1
7187cb86.wav,Violin_or_fiddle,1
7171c678.wav,Fart,1
7155df7f.wav,Shatter,1
710d8919.wav,Oboe,1
70fe372a.wav,Saxophone,1
70f8a784.wav,Keys_jangling,1
70d31f98.wav,Tambourine,1
70ca9c77.wav,Acoustic_guitar,1
70c00511.wav,Saxophone,1
70b55fc4.wav,Gong,1
70a8869f.wav,Knock,1
70a2e253.wav,Clarinet,1
7076e8e6.wav,Hi-hat,1
706c9a51.wav,Acoustic_guitar,1
704d6fc7.wav,Fart,1
70231b6a.wav,Saxophone,1
7017f924.wav,Electric_piano,1
6fda26fc.wav,Finger_snapping,1
6fd3cd15.wav,Flute,1
6fca680b.wav,Snare_drum,1
6fb7bc8c.wav,Harmonica,1
6f9e6ffa.wav,Microwave_oven,1
6f71c89b.wav,Burping_or_eructation,1
6f7162b1.wav,Bass_drum,1
6f6e15ce.wav,Tearing,1
6f37f0d4.wav,Cough,1
6efbaf90.wav,Double_bass,1
6ef82473.wav,Flute,1
6ee9f703.wav,Violin_or_fiddle,1
6ec2fca8.wav,Harmonica,1
6ec13858.wav,Harmonica,1
6ebe3f62.wav,Applause,1
6eb59008.wav,Violin_or_fiddle,1
6e910230.wav,Glockenspiel,1
6e863d5c.wav,Keys_jangling,1
6e7d5f74.wav,Fireworks,1
6e595f4e.wav,Trumpet,1
6e5088de.wav,Shatter,1
6e1f6a82.wav,Double_bass,1
6df575aa.wav,Violin_or_fiddle,1
6df2f14c.wav,Chime,1
6dea9b11.wav,Hi-hat,1
6de38680.wav,Harmonica,1
6dd8c59b.wav,Violin_or_fiddle,1
6dc525e7.wav,Drawer_open_or_close,1
6daab86c.wav,Saxophone,1
6d8620e6.wav,Cowbell,1
6d7b7a40.wav,Harmonica,1
6d717c18.wav,Keys_jangling,1
6d3e8659.wav,Cowbell,1
6d3722db.wav,Gong,1
6d36591b.wav,Gong,1
6d21ad67.wav,Bass_drum,1
6d01bc2c.wav,Knock,1
6ceab67a.wav,Saxophone,1
6ce9cbde.wav,Telephone,1
6ce430d2.wav,Trumpet,1
6cd42ef4.wav,Knock,1
6ccf7c29.wav,Meow,1
6ccdd42c.wav,Scissors,1
6ca5f5d1.wav,Electric_piano,1
6c98c870.wav,Harmonica,1
6c9269c5.wav,Fireworks,1
6c6ca429.wav,Laughter,1
6c329938.wav,Flute,1
6c1434df.wav,Telephone,1
6bfe3806.wav,Fart,1
6bcf61c1.wav,Gong,1
6bc128c5.wav,Cough,1
6b9e155a.wav,Scissors,1
6b93b48a.wav,Double_bass,1
6b9224c7.wav,Microwave_oven,1
6b90ade1.wav,Saxophone,1
6b75921d.wav,Gong,1
6b64661f.wav,Electric_piano,1
6b5b36b2.wav,Microwave_oven,1
6b535a04.wav,Violin_or_fiddle,1
6b3dd35c.wav,Squeak,1
6b31bc93.wav,Trumpet,1
6b27a847.wav,Flute,1
6b192226.wav,Fireworks,1
6b15affb.wav,Harmonica,1
6affd3c0.wav,Knock,1
6aff0c16.wav,Trumpet,1
6afc5c3b.wav,Harmonica,1
6ad73ffc.wav,Applause,1
6ace1661.wav,Drawer_open_or_close,1
6ab76c9a.wav,Clarinet,1
6aaff359.wav,Saxophone,1
6aac58ab.wav,Keys_jangling,1
6aa01975.wav,Bus,1
6a96272b.wav,Bass_drum,1
6a959176.wav,Telephone,1
6a92ed21.wav,Drawer_open_or_close,1
6a8dce61.wav,Saxophone,1
6a887ffa.wav,Meow,1
6a8869c5.wav,Telephone,1
6a7ea03a.wav,Writing,1
6a6f35fd.wav,Tambourine,1
6a6c66b2.wav,Telephone,1
6a63dd77.wav,Saxophone,1
6a62bb15.wav,Telephone,1
6a609889.wav,Trumpet,1
6a353424.wav,Snare_drum,1
6a2eca0f.wav,Scissors,1
6a2db40a.wav,Gong,1
6a210ffa.wav,Cello,1
6a1b4c44.wav,Laughter,1
6a0f3e43.wav,Laughter,1
6a037ddf.wav,Flute,1
69ff0330.wav,Electric_piano,1
69e18f96.wav,Violin_or_fiddle,1
69d68dae.wav,Telephone,1
69d3da4e.wav,Gunshot_or_gunfire,1
69c41690.wav,Violin_or_fiddle,1
69af03c3.wav,Saxophone,1
69a6c4a9.wav,Tearing,1
6994bf26.wav,Violin_or_fiddle,1
699385f4.wav,Cello,1
699044df.wav,Cello,1
6987863b.wav,Flute,1
69243c5c.wav,Laughter,1
691c7f02.wav,Finger_snapping,1
69175165.wav,Cough,1
690d3746.wav,Shatter,1
690a6466.wav,Gunshot_or_gunfire,1
68e1a3e9.wav,Snare_drum,1
68ca0f14.wav,Keys_jangling,1
68c2f93c.wav,Bus,1
689af02b.wav,Tearing,1
689aa181.wav,Cello,1
685b5c1f.wav,Saxophone,1
68589f79.wav,Violin_or_fiddle,1
68532fcb.wav,Fart,1
682cd1a9.wav,Cowbell,1
6828f1a3.wav,Bus,1
6821edb0.wav,Drawer_open_or_close,1
67f5ced8.wav,Clarinet,1
67ed3008.wav,Acoustic_guitar,1
67e80e0a.wav,Violin_or_fiddle,1
67d86f23.wav,Saxophone,1
67841fc1.wav,Saxophone,1
67822329.wav,Electric_piano,1
673defaf.wav,Acoustic_guitar,1
67186290.wav,Gong,1
670b77c7.wav,Squeak,1
67066eb2.wav,Meow,1
67013df6.wav,Violin_or_fiddle,1
66fe50dc.wav,Saxophone,1
66bf4fa3.wav,Tambourine,1
66be15fd.wav,Flute,1
66b3d587.wav,Glockenspiel,1
66a5b9fb.wav,Violin_or_fiddle,1
668721df.wav,Saxophone,1
667cc6dc.wav,Telephone,1
6658b3bb.wav,Burping_or_eructation,1
664e211b.wav,Gunshot_or_gunfire,1
65d277f3.wav,Flute,1
65c0c1ce.wav,Microwave_oven,1
65b299e9.wav,Microwave_oven,1
65a465a3.wav,Fart,1
659763f7.wav,Violin_or_fiddle,1
6563610a.wav,Saxophone,1
655d948e.wav,Tambourine,1
653a8a45.wav,Cowbell,1
651b5dcd.wav,Microwave_oven,1
651633e2.wav,Clarinet,1
64edfb51.wav,Violin_or_fiddle,1
64d8d4a7.wav,Flute,1
64d55bd8.wav,Chime,1
64af554f.wav,Gunshot_or_gunfire,1
6496bf6a.wav,Flute,1
647aac41.wav,Finger_snapping,1
6475a738.wav,Violin_or_fiddle,1
64618683.wav,Laughter,1
645efe85.wav,Violin_or_fiddle,1
644cfbc8.wav,Flute,1
642be2ef.wav,Microwave_oven,1
642ad7e4.wav,Double_bass,1
642aba58.wav,Violin_or_fiddle,1
6412f485.wav,Bark,1
63f027d8.wav,Microwave_oven,1
63e0ab2c.wav,Bass_drum,1
63de87b8.wav,Shatter,1
63dd0f23.wav,Bus,1
63cbe774.wav,Harmonica,1
63c8e4c6.wav,Saxophone,1
63a02506.wav,Microwave_oven,1
639a04af.wav,Trumpet,1
639573a0.wav,Computer_keyboard,1
63874688.wav,Scissors,1
6385ecf9.wav,Hi-hat,1
637a26b1.wav,Cowbell,1
6366c230.wav,Violin_or_fiddle,1
63309041.wav,Laughter,1
630ad55a.wav,Hi-hat,1
62ff9fde.wav,Cello,1
62ff8e49.wav,Drawer_open_or_close,1
62a95b92.wav,Finger_snapping,1
62a22795.wav,Meow,1
62992353.wav,Computer_keyboard,1
629684be.wav,Gong,1
62871552.wav,Bus,1
627099f7.wav,Saxophone,1
626de1cb.wav,Saxophone,1
623bc3fe.wav,Fart,1
62292efc.wav,Acoustic_guitar,1
6228bc8b.wav,Flute,1
620dbdce.wav,Saxophone,1
61f83028.wav,Finger_snapping,1
61f21edf.wav,Saxophone,1
61e4de0f.wav,Saxophone,1
61c9c7ad.wav,Applause,1
61c914b1.wav,Flute,1
61c7235b.wav,Computer_keyboard,1
61bee671.wav,Acoustic_guitar,1
61923d5b.wav,Scissors,1
616ff2dc.wav,Saxophone,1
616e8c33.wav,Violin_or_fiddle,1
615e3011.wav,Microwave_oven,1
61461f89.wav,Knock,1
6144e686.wav,Gunshot_or_gunfire,1
613f92d5.wav,Violin_or_fiddle,1
612a9f1a.wav,Cello,1
612702c3.wav,Hi-hat,1
611c548e.wav,Finger_snapping,1
60f6a04e.wav,Glockenspiel,1
60f481f8.wav,Violin_or_fiddle,1
60e178b0.wav,Cough,1
60cccafc.wav,Harmonica,1
60ac28c4.wav,Drawer_open_or_close,1
6085c41b.wav,Chime,1
60541059.wav,Cowbell,1
604e28b1.wav,Cough,1
6032d510.wav,Finger_snapping,1
600fe305.wav,Applause,1
5ff4377d.wav,Oboe,1
5fe07b4b.wav,Tambourine,1
5fa41f28.wav,Burping_or_eructation,1
5f934315.wav,Cough,1
5f7dd0fb.wav,Hi-hat,1
5f75b9cf.wav,Violin_or_fiddle,1
5f6e7a2f.wav,Telephone,1
5f59933f.wav,Saxophone,1
5f4ede60.wav,Applause,1
5f3186c8.wav,Microwave_oven,1
5f20684f.wav,Cough,1
5f0dc8e4.wav,Saxophone,1
5f011d45.wav,Finger_snapping,1
5ef1bff4.wav,Gunshot_or_gunfire,1
5ee394ce.wav,Tambourine,1
5ed0b693.wav,Finger_snapping,1
5ec7ad26.wav,Hi-hat,1
5ebdb1a8.wav,Squeak,1
5eb9ae02.wav,Scissors,1
5eadbc6d.wav,Double_bass,1
5e993cd0.wav,Bus,1
5e92ec3d.wav,Saxophone,1
5e879961.wav,Meow,1
5e78e47e.wav,Scissors,1
5e6b34b1.wav,Electric_piano,1
5e5bca7a.wav,Cello,1
5e5a6215.wav,Cowbell,1
5e4477e9.wav,Cello,1
5e2d18d7.wav,Fireworks,1
5e28a9a2.wav,Electric_piano,1
5e2417a2.wav,Saxophone,1
5de123c3.wav,Clarinet,1
5dd6875c.wav,Violin_or_fiddle,1
5dc063db.wav,Fireworks,1
5dbd6915.wav,Violin_or_fiddle,1
5da2c965.wav,Tambourine,1
5d9ca598.wav,Snare_drum,1
5d946c59.wav,Squeak,1
5d9331ab.wav,Gong,1
5d91fae1.wav,Violin_or_fiddle,1
5d826a12.wav,Flute,1
5d79776e.wav,Acoustic_guitar,1
5d73ee6f.wav,Flute,1
5d72f4ed.wav,Keys_jangling,1
5d6805e8.wav,Telephone,1
5d59e42c.wav,Clarinet,1
5d4ffe7f.wav,Shatter,1
5d4f8187.wav,Saxophone,1
5d43f0e7.wav,Cello,1
5d17ef9b.wav,Gunshot_or_gunfire,1
5d108bb1.wav,Bass_drum,1
5d040c3b.wav,Flute,1
5cfd1f2c.wav,Oboe,1
5cfa0135.wav,Flute,1
5cf8c92f.wav,Cough,1
5cf7a39a.wav,Telephone,1
5ce40b1b.wav,Snare_drum,1
5cd6e4e1.wav,Cough,1
5cd59c4c.wav,Scissors,1
5cb41a13.wav,Glockenspiel,1
5c981f32.wav,Flute,1
5c777e46.wav,Microwave_oven,1
5c634a3f.wav,Flute,1
5c61d6dc.wav,Telephone,1
5c5f3234.wav,Harmonica,1
5c59741d.wav,Snare_drum,1
5c45190e.wav,Oboe,1
5c34af23.wav,Keys_jangling,1
5c33d972.wav,Snare_drum,1
5c28b9e6.wav,Burping_or_eructation,1
5c248a1b.wav,Shatter,1
5c232d44.wav,Bus,1
5c1bd24c.wav,Violin_or_fiddle,1
5c129ffe.wav,Telephone,1
5c123193.wav,Gunshot_or_gunfire,1
5c04ac97.wav,Chime,1
5bd61d06.wav,Gunshot_or_gunfire,1
5bbe4eb9.wav,Bus,1
5bb1e9bd.wav,Gong,1
5bb17ecc.wav,Telephone,1
5bad1306.wav,Violin_or_fiddle,1
5b878f47.wav,Gong,1
5b38a3e7.wav,Harmonica,1
5b2d8050.wav,Shatter,1
5b01d7c2.wav,Saxophone,1
5ad06e75.wav,Saxophone,1
5abd04cc.wav,Telephone,1
5aa8b633.wav,Meow,1
5aa575b7.wav,Gunshot_or_gunfire,1
5a963555.wav,Harmonica,1
5a7fc70d.wav,Bus,1
5a7b83fb.wav,Gunshot_or_gunfire,1
5a4089a3.wav,Applause,1
5a3deddf.wav,Chime,1
5a3331db.wav,Fireworks,1
5a197d64.wav,Gunshot_or_gunfire,1
5a017c12.wav,Burping_or_eructation,1
59ee6ca1.wav,Cello,1
59ddf3d0.wav,Oboe,1
59b3f32e.wav,Shatter,1
59a59541.wav,Saxophone,1
5993af35.wav,Harmonica,1
5983506e.wav,Trumpet,1
597d7401.wav,Fireworks,1
597b3c23.wav,Gunshot_or_gunfire,1
5967f16c.wav,Keys_jangling,1
595c191d.wav,Double_bass,1
595a7854.wav,Knock,1
595a4fba.wav,Electric_piano,1
5950780e.wav,Electric_piano,1
594f603c.wav,Writing,1
5935d5bd.wav,Telephone,1
591cf4c2.wav,Saxophone,1
591a127b.wav,Cough,1
590e3117.wav,Oboe,1
590dde92.wav,Oboe,1
58fec070.wav,Violin_or_fiddle,1
58f8c3db.wav,Clarinet,1
58d5cc06.wav,Tearing,1
58d59768.wav,Saxophone,1
58d529c0.wav,Harmonica,1
58ce33ad.wav,Laughter,1
58bb9548.wav,Trumpet,1
589e5196.wav,Hi-hat,1
588bf7ad.wav,Glockenspiel,1
587ee95e.wav,Oboe,1
587a5906.wav,Scissors,1
58724448.wav,Saxophone,1
586d03f8.wav,Saxophone,1
586cbe20.wav,Computer_keyboard,1
585c9c8c.wav,Acoustic_guitar,1
5854ea8d.wav,Scissors,1
581afa20.wav,Knock,1
5802940e.wav,Applause,1
5801a5b3.wav,Oboe,1
57f97997.wav,Saxophone,1
5791b221.wav,Drawer_open_or_close,1
5783d462.wav,Trumpet,1
57789a2d.wav,Saxophone,1
5764480b.wav,Clarinet,1
575c3286.wav,Scissors,1
575c17a1.wav,Finger_snapping,1
57540a22.wav,Burping_or_eructation,1
575336af.wav,Flute,1
5742568e.wav,Glockenspiel,1
57307037.wav,Hi-hat,1
570742db.wav,Cello,1
56fa2d08.wav,Burping_or_eructation,1
56f6f5a1.wav,Knock,1
56ebef58.wav,Computer_keyboard,1
56e79c6f.wav,Violin_or_fiddle,1
56bfa515.wav,Tearing,1
569ee690.wav,Bark,1
568f4336.wav,Chime,1
5689818f.wav,Cello,1
566f0926.wav,Gunshot_or_gunfire,1
5668c2ab.wav,Gong,1
565f3ee2.wav,Bass_drum,1
565d4f5a.wav,Glockenspiel,1
564f1a49.wav,Gong,1
5644beb8.wav,Bass_drum,1
562d93f5.wav,Flute,1
561d33d3.wav,Snare_drum,1
560506a1.wav,Gunshot_or_gunfire,1
55dd4e7c.wav,Bus,1
55d60bf0.wav,Trumpet,1
55d52a69.wav,Flute,1
55b7b452.wav,Meow,1
55aed1da.wav,Fireworks,1
558a13e0.wav,Clarinet,1
55822aae.wav,Acoustic_guitar,1
5554d95d.wav,Cowbell,1
5543631a.wav,Saxophone,1
553245ef.wav,Electric_piano,1
55087d4d.wav,Oboe,1
5506629f.wav,Clarinet,1
5503e01b.wav,Keys_jangling,1
54f4ed65.wav,Bark,1
54e0f1a8.wav,Electric_piano,1
54db602f.wav,Tearing,1
54c69259.wav,Computer_keyboard,1
54bb57af.wav,Cello,1
54ac3fe7.wav,Violin_or_fiddle,1
54869db1.wav,Chime,1
54777c28.wav,Acoustic_guitar,1
54679e2a.wav,Squeak,1
546416c0.wav,Bark,1
544f3b23.wav,Acoustic_guitar,1
543e2e44.wav,Laughter,1
542cab4b.wav,Cowbell,1
542bb157.wav,Writing,1
540cd3bc.wav,Bass_drum,1
540226e3.wav,Cough,1
53fd8788.wav,Trumpet,1
53d2b678.wav,Tearing,1
53d1ed2b.wav,Cello,1
53c221b6.wav,Flute,1
53bce2b7.wav,Knock,1
5398dcd3.wav,Violin_or_fiddle,1
5388d14d.wav,Saxophone,1
537b400b.wav,Oboe,1
5365903a.wav,Gunshot_or_gunfire,1
5356d361.wav,Shatter,1
531a3044.wav,Telephone,1
530ff8db.wav,Electric_piano,1
52ef7355.wav,Trumpet,1
52e54bdd.wav,Bass_drum,1
52d30eec.wav,Bass_drum,1
52b0d05c.wav,Violin_or_fiddle,1
529ca3b3.wav,Computer_keyboard,1
528fd885.wav,Gunshot_or_gunfire,1
528b1fdc.wav,Harmonica,1
52860d22.wav,Violin_or_fiddle,1
52834f79.wav,Acoustic_guitar,1
5263369a.wav,Glockenspiel,1
52480f3e.wav,Oboe,1
523f65d5.wav,Electric_piano,1
5237eea9.wav,Electric_piano,1
5230e439.wav,Writing,1
52300f9b.wav,Hi-hat,1
5213c673.wav,Microwave_oven,1
52127914.wav,Meow,1
520b22f7.wav,Shatter,1
5206fbc7.wav,Acoustic_guitar,1
5202c954.wav,Gong,1
51f9a488.wav,Cello,1
51cfc1d3.wav,Fireworks,1
51cbcf35.wav,Gong,1
51b9d0b7.wav,Gunshot_or_gunfire,1
51b14c9d.wav,Violin_or_fiddle,1
51a0ed08.wav,Tambourine,1
518250e2.wav,Shatter,1
5166ee5a.wav,Computer_keyboard,1
515a7743.wav,Cello,1
51402418.wav,Double_bass,1
512b0a33.wav,Double_bass,1
511fb54a.wav,Bark,1
511d5a4b.wav,Gunshot_or_gunfire,1
5104b6e1.wav,Bus,1
510193fb.wav,Saxophone,1
50fd4c27.wav,Microwave_oven,1
50fc3ef5.wav,Electric_piano,1
50e7451d.wav,Applause,1
50d300d1.wav,Cowbell,1
50bd36cb.wav,Finger_snapping,1
509a6c22.wav,Scissors,1
508e8e56.wav,Cello,1
508d3aed.wav,Fart,1
506d0b19.wav,Laughter,1
503e81d0.wav,Scissors,1
503b22a3.wav,Harmonica,1
50046110.wav,Gunshot_or_gunfire,1
4ff578f2.wav,Glockenspiel,1
4fe7f333.wav,Tambourine,1
4fd997f5.wav,Keys_jangling,1
4fd883bb.wav,Double_bass,1
4fd80b5c.wav,Chime,1
4fb480bf.wav,Double_bass,1
4f99f874.wav,Violin_or_fiddle,1
4f92aa62.wav,Tambourine,1
4f5e27a8.wav,Saxophone,1
4f5b430d.wav,Microwave_oven,1
4f36f736.wav,Fart,1
4f2ba735.wav,Burping_or_eructation,1
4f224ce4.wav,Gong,1
4f0c9c17.wav,Oboe,1
4f077f1b.wav,Computer_keyboard,1
4f0289dc.wav,Fireworks,1
4ef89422.wav,Gunshot_or_gunfire,1
4ee33e64.wav,Tambourine,1
4ed35e10.wav,Computer_keyboard,1
4ec9b517.wav,Fart,1
4ebe9797.wav,Clarinet,1
4eb50766.wav,Gunshot_or_gunfire,1
4eb1742d.wav,Finger_snapping,1
4e93661c.wav,Saxophone,1
4e91242e.wav,Knock,1
4e8c24e1.wav,Laughter,1
4e8b215c.wav,Gunshot_or_gunfire,1
4e8a6556.wav,Cough,1
4e74d920.wav,Snare_drum,1
4e66921a.wav,Telephone,1
4e556dc5.wav,Fireworks,1
4e50f73b.wav,Cowbell,1
4e2fcd3b.wav,Clarinet,1
4e1f8e90.wav,Oboe,1
4e1af22c.wav,Tearing,1
4e05b749.wav,Bus,1
4dad3b5f.wav,Squeak,1
4da6ae4b.wav,Flute,1
4da6a5e7.wav,Violin_or_fiddle,1
4da35b82.wav,Drawer_open_or_close,1
4d94495f.wav,Trumpet,1
4d61a3c6.wav,Fireworks,1
4d5430cf.wav,Bark,1
4d4af5dd.wav,Gong,1
4d487056.wav,Saxophone,1
4d29f283.wav,Scissors,1
4d14661a.wav,Gong,1
4d08e621.wav,Fireworks,1
4cfcad44.wav,Flute,1
4cee46a4.wav,Double_bass,1
4ce399c2.wav,Finger_snapping,1
4ccf85c8.wav,Meow,1
4cbba37a.wav,Double_bass,1
4cb7c775.wav,Clarinet,1
4cb6495b.wav,Tambourine,1
4ca74b89.wav,Trumpet,1
4ca2a9b4.wav,Laughter,1
4c9ecc5c.wav,Knock,1
4c8cd1c8.wav,Clarinet,1
4c6470d0.wav,Writing,1
4c590f69.wav,Snare_drum,1
4c4ec973.wav,Gong,1
4c4d4797.wav,Snare_drum,1
4c24339c.wav,Computer_keyboard,1
4c21f44b.wav,Saxophone,1
4c0d7bcd.wav,Oboe,1
4c0c385f.wav,Double_bass,1
4bff8f32.wav,Cello,1
4bfbb74e.wav,Applause,1
4bf0c44b.wav,Meow,1
4be963d5.wav,Trumpet,1
4bd0dcc1.wav,Acoustic_guitar,1
4bcc8a77.wav,Flute,1
4bc0a640.wav,Finger_snapping,1
4bb53f71.wav,Drawer_open_or_close,1
4bb00403.wav,Saxophone,1
4ba2b70e.wav,Bass_drum,1
4ba221e4.wav,Clarinet,1
4ba0c404.wav,Saxophone,1
4b75dd72.wav,Gunshot_or_gunfire,1
4b2d5441.wav,Tearing,1
4b17c19e.wav,Trumpet,1
4b13fe12.wav,Bass_drum,1
4b12b563.wav,Gong,1
4b0b4333.wav,Scissors,1
4aff76bc.wav,Drawer_open_or_close,1
4afa8522.wav,Gunshot_or_gunfire,1
4afa2149.wav,Saxophone,1
4adfa318.wav,Cough,1
4acda322.wav,Tearing,1
4aaae5e2.wav,Glockenspiel,1
4aa97c8e.wav,Acoustic_guitar,1
4a90ebd4.wav,Clarinet,1
4a7ed000.wav,Laughter,1
4a78eefc.wav,Gunshot_or_gunfire,1
4a4fa182.wav,Gunshot_or_gunfire,1
4a4727b7.wav,Bass_drum,1
4a28e65a.wav,Cello,1
4a2165a7.wav,Finger_snapping,1
4a0a261e.wav,Acoustic_guitar,1
49fabd19.wav,Acoustic_guitar,1
49e3587e.wav,Acoustic_guitar,1
49e25a3e.wav,Gunshot_or_gunfire,1
49cdefc5.wav,Glockenspiel,1
49c9d9b9.wav,Drawer_open_or_close,1
49aa806c.wav,Violin_or_fiddle,1
499a352d.wav,Electric_piano,1
497e8e00.wav,Violin_or_fiddle,1
49702d75.wav,Acoustic_guitar,1
496a7539.wav,Writing,1
495cca46.wav,Bass_drum,1
4957c12d.wav,Acoustic_guitar,1
49530e8c.wav,Electric_piano,1
493c247b.wav,Hi-hat,1
49345c2f.wav,Meow,1
49278b45.wav,Oboe,1
490a435d.wav,Burping_or_eructation,1
4900d8a0.wav,Bark,1
48ce73e6.wav,Telephone,1
48c06dee.wav,Drawer_open_or_close,1
48b67c44.wav,Squeak,1
48b17f9f.wav,Writing,1
48a75b1f.wav,Violin_or_fiddle,1
4891b110.wav,Flute,1
488b452c.wav,Snare_drum,1
488b04c9.wav,Violin_or_fiddle,1
4883c7c3.wav,Violin_or_fiddle,1
4880f8bf.wav,Chime,1
4868ac7c.wav,Knock,1
48553cdd.wav,Violin_or_fiddle,1
4850a398.wav,Keys_jangling,1
4847fb9b.wav,Saxophone,1
483aa78c.wav,Microwave_oven,1
483a1ab2.wav,Saxophone,1
482944c1.wav,Electric_piano,1
4823cb49.wav,Microwave_oven,1
4823209e.wav,Violin_or_fiddle,1
4813422d.wav,Scissors,1
47e39a38.wav,Telephone,1
47da5300.wav,Cowbell,1
47d8708c.wav,Drawer_open_or_close,1
47d79021.wav,Gong,1
47d197c5.wav,Violin_or_fiddle,1
47cb5f8d.wav,Saxophone,1
47aa029c.wav,Cello,1
47a98dfe.wav,Bass_drum,1
47a42a02.wav,Cowbell,1
4792b15e.wav,Saxophone,1
4740a159.wav,Oboe,1
47395931.wav,Hi-hat,1
472e7697.wav,Saxophone,1
472e6644.wav,Flute,1
471f4c1d.wav,Harmonica,1
47178b5e.wav,Trumpet,1
4716c05b.wav,Cowbell,1
470f4da3.wav,Writing,1
46d7d98d.wav,Violin_or_fiddle,1
46d3877b.wav,Violin_or_fiddle,1
46b66e03.wav,Bass_drum,1
46b52f97.wav,Snare_drum,1
46a95319.wav,Acoustic_guitar,1
468f9c4c.wav,Hi-hat,1
46768bc1.wav,Gunshot_or_gunfire,1
46732e56.wav,Microwave_oven,1
462b676f.wav,Double_bass,1
46076458.wav,Meow,1
45f3e225.wav,Cough,1
45e63fdd.wav,Saxophone,1
45e5a952.wav,Flute,1
45de3233.wav,Clarinet,1
45da8553.wav,Hi-hat,1
45d71502.wav,Laughter,1
45bf81f1.wav,Drawer_open_or_close,1
45b9bc91.wav,Knock,1
458ea6cc.wav,Scissors,1
458b1992.wav,Cello,1
456cc727.wav,Harmonica,1
455377bf.wav,Telephone,1
4541aa66.wav,Electric_piano,1
45243c3d.wav,Clarinet,1
450b7adb.wav,Fireworks,1
4509d8c8.wav,Meow,1
44fb3eeb.wav,Acoustic_guitar,1
44efa03d.wav,Computer_keyboard,1
44dafff6.wav,Microwave_oven,1
44d68d6e.wav,Violin_or_fiddle,1
44c5094c.wav,Clarinet,1
44b0d72a.wav,Telephone,1
44ae3104.wav,Flute,1
448d0cb1.wav,Telephone,1
444f9db5.wav,Double_bass,1
44430b53.wav,Fireworks,1
4428ce4f.wav,Violin_or_fiddle,1
441dc645.wav,Gunshot_or_gunfire,1
4419dc7d.wav,Cowbell,1
43fd7a48.wav,Applause,1
43fc0633.wav,Saxophone,1
43f36cbf.wav,Shatter,1
43e872b1.wav,Computer_keyboard,1
43b3a112.wav,Burping_or_eructation,1
43a1236c.wav,Bus,1
438b6454.wav,Computer_keyboard,1
4363c142.wav,Gunshot_or_gunfire,1
435ea687.wav,Tambourine,1
43523546.wav,Bark,1
4345851e.wav,Saxophone,1
43433aad.wav,Flute,1
432d8a59.wav,Microwave_oven,1
431a2c13.wav,Cowbell,1
431285df.wav,Tearing,1
4310d9eb.wav,Telephone,1
4309a65b.wav,Fart,1
42b0e12c.wav,Knock,1
42a977da.wav,Fart,1
428ed21a.wav,Squeak,1
428d8096.wav,Tambourine,1
428972be.wav,Gunshot_or_gunfire,1
42470db4.wav,Hi-hat,1
4239e428.wav,Chime,1
423210f5.wav,Saxophone,1
42213136.wav,Telephone,1
4217d933.wav,Bark,1
420b6ee8.wav,Double_bass,1
41dcab5d.wav,Burping_or_eructation,1
41d9c342.wav,Cello,1
41a68fc0.wav,Writing,1
41a0e93b.wav,Telephone,1
419ea7d6.wav,Bus,1
41978926.wav,Glockenspiel,1
41933d4e.wav,Laughter,1
418db99e.wav,Bus,1
41897c32.wav,Hi-hat,1
4161f2a2.wav,Finger_snapping,1
41588cd6.wav,Acoustic_guitar,1
41529de9.wav,Writing,1
41108e2f.wav,Cowbell,1
410413ce.wav,Harmonica,1
40c2cec1.wav,Cello,1
40abcc5e.wav,Trumpet,1
40a5bbad.wav,Saxophone,1
40a40896.wav,Saxophone,1
407b82f8.wav,Scissors,1
405b00ef.wav,Fart,1
404c1e72.wav,Acoustic_guitar,1
403ff069.wav,Cowbell,1
403aa626.wav,Cowbell,1
4037c4b7.wav,Bus,1
4024dab4.wav,Cowbell,1
4018374b.wav,Harmonica,1
4016e50e.wav,Oboe,1
3fbc44fd.wav,Knock,1
3fb27eb8.wav,Applause,1
3f97d1ca.wav,Telephone,1
3f8d2bee.wav,Flute,1
3f7e6da8.wav,Clarinet,1
3f7b7686.wav,Snare_drum,1
3f78b9c5.wav,Knock,1
3f5bfd26.wav,Applause,1
3f54f3c3.wav,Burping_or_eructation,1
3f309887.wav,Saxophone,1
3f2933f9.wav,Violin_or_fiddle,1
3f272bc9.wav,Bark,1
3f1e7231.wav,Gunshot_or_gunfire,1
3f0c2a46.wav,Tambourine,1
3ef1e964.wav,Gunshot_or_gunfire,1
3ef05695.wav,Violin_or_fiddle,1
3eed2e68.wav,Laughter,1
3edc4278.wav,Violin_or_fiddle,1
3eaddda8.wav,Flute,1
3ead1c2e.wav,Knock,1
3e93dd4c.wav,Fireworks,1
3e7bb5fe.wav,Laughter,1
3e6e8db6.wav,Trumpet,1
3e2bddda.wav,Cello,1
3e20cc09.wav,Telephone,1
3def93b9.wav,Chime,1
3de13acc.wav,Telephone,1
3ddb3511.wav,Fart,1
3dc30df9.wav,Cello,1
3dc2885b.wav,Bass_drum,1
3dc1faa7.wav,Computer_keyboard,1
3db64708.wav,Telephone,1
3d88d530.wav,Electric_piano,1
3d6534dd.wav,Tambourine,1
3d5b75bf.wav,Telephone,1
3d576e50.wav,Oboe,1
3d51eb7a.wav,Knock,1
3d4fcc98.wav,Bark,1
3d3f2beb.wav,Trumpet,1
3d3439f1.wav,Hi-hat,1
3d3159e3.wav,Laughter,1
3d0b0e35.wav,Bus,1
3cd67000.wav,Finger_snapping,1
3cbe9902.wav,Clarinet,1
3ca0ecf2.wav,Tambourine,1
3c9cc3d1.wav,Saxophone,1
3c9b706e.wav,Saxophone,1
3c9abefe.wav,Double_bass,1
3c99d0bd.wav,Harmonica,1
3c966bb8.wav,Cello,1
3c87c17a.wav,Snare_drum,1
3c8323d0.wav,Clarinet,1
3c71a915.wav,Chime,1
3c713bcf.wav,Clarinet,1
3c66098d.wav,Clarinet,1
3c4b21ac.wav,Trumpet,1
3c45277d.wav,Gunshot_or_gunfire,1
3c24b853.wav,Clarinet,1
3c210ce3.wav,Bus,1
3c04c85f.wav,Oboe,1
3bd11bdc.wav,Squeak,1
3bd02251.wav,Microwave_oven,1
3bbe245d.wav,Double_bass,1
3ba2f20d.wav,Applause,1
3b79f91e.wav,Computer_keyboard,1
3b6b430a.wav,Saxophone,1
3b60c423.wav,Clarinet,1
3b56254e.wav,Burping_or_eructation,1
3b50856f.wav,Gong,1
3b466a76.wav,Shatter,1
3b44e22f.wav,Chime,1
3b04a2b1.wav,Bark,1
3aeb3ecc.wav,Keys_jangling,1
3ae76b24.wav,Double_bass,1
3ae08499.wav,Chime,1
3ac0e2ca.wav,Chime,1
3ac0c9ea.wav,Electric_piano,1
3abd9b8d.wav,Finger_snapping,1
3abbfbc2.wav,Glockenspiel,1
3aafb6ad.wav,Hi-hat,1
3a9085ca.wav,Bass_drum,1
3a81bb6d.wav,Finger_snapping,1
3a80061f.wav,Saxophone,1
3a77d7c4.wav,Saxophone,1
3a40f0c7.wav,Keys_jangling,1
3a3df080.wav,Fart,1
3a3d0279.wav,Hi-hat,1
3a1b2a66.wav,Oboe,1
3a151889.wav,Double_bass,1
3a134223.wav,Scissors,1
3a0471fd.wav,Acoustic_guitar,1
39ff9b6b.wav,Hi-hat,1
39f86ded.wav,Cello,1
39e89705.wav,Cowbell,1
39ba3461.wav,Oboe,1
39a63f30.wav,Violin_or_fiddle,1
39977cdf.wav,Clarinet,1
399018c7.wav,Cowbell,1
397be836.wav,Telephone,1
3977c290.wav,Gunshot_or_gunfire,1
396a1d62.wav,Saxophone,1
3966c159.wav,Fart,1
3934519b.wav,Trumpet,1
39337626.wav,Telephone,1
393042b9.wav,Electric_piano,1
391fbd84.wav,Burping_or_eructation,1
391dea43.wav,Bark,1
390292b8.wav,Oboe,1
39000328.wav,Violin_or_fiddle,1
38e1a81c.wav,Laughter,1
38cee215.wav,Gong,1
38b1ac4e.wav,Telephone,1
389ef6d7.wav,Chime,1
388205af.wav,Burping_or_eructation,1
3874b7b5.wav,Scissors,1
384f43cf.wav,Telephone,1
384e198d.wav,Cough,1
384712f0.wav,Tambourine,1
383d6533.wav,Violin_or_fiddle,1
3835cfbd.wav,Squeak,1
3824a5f6.wav,Drawer_open_or_close,1
38216fad.wav,Acoustic_guitar,1
380ca85c.wav,Harmonica,1
37e5557d.wav,Harmonica,1
37d26e27.wav,Saxophone,1
37d0eed3.wav,Microwave_oven,1
37cebbd4.wav,Saxophone,1
37bffa64.wav,Gunshot_or_gunfire,1
37b2166d.wav,Harmonica,1
3769aa70.wav,Tearing,1
375bfb8e.wav,Meow,1
37349835.wav,Writing,1
37123461.wav,Telephone,1
3707da71.wav,Flute,1
37028a56.wav,Bus,1
36defe49.wav,Clarinet,1
36d20ab5.wav,Saxophone,1
36d06cc0.wav,Snare_drum,1
36ccf0c8.wav,Laughter,1
36c81c76.wav,Cowbell,1
36ba581c.wav,Burping_or_eructation,1
36b3f8ec.wav,Squeak,1
36b2afa9.wav,Knock,1
36af0778.wav,Finger_snapping,1
369293a9.wav,Keys_jangling,1
369164fe.wav,Hi-hat,1
368de55c.wav,Trumpet,1
368d4b71.wav,Snare_drum,1
368137a8.wav,Bass_drum,1
367ad7b1.wav,Acoustic_guitar,1
366664bb.wav,Tambourine,1
3662e614.wav,Saxophone,1
36514399.wav,Trumpet,1
3650faee.wav,Laughter,1
36315bea.wav,Fireworks,1
3626eabd.wav,Scissors,1
360174e1.wav,Telephone,1
3600d08e.wav,Glockenspiel,1
35fd6638.wav,Chime,1
35fb9b2e.wav,Squeak,1
35f589b8.wav,Glockenspiel,1
35f0e452.wav,Saxophone,1
35e97db3.wav,Flute,1
35d7ac24.wav,Microwave_oven,1
35accc11.wav,Gunshot_or_gunfire,1
35a38d01.wav,Bark,1
3592e056.wav,Violin_or_fiddle,1
3586bc2d.wav,Violin_or_fiddle,1
35839982.wav,Bus,1
357f7e95.wav,Telephone,1
357a5b9a.wav,Bark,1
35721b6a.wav,Telephone,1
356f6f26.wav,Fart,1
35669b76.wav,Applause,1
354cabb9.wav,Computer_keyboard,1
354c7009.wav,Bass_drum,1
351d0b53.wav,Scissors,1
3518605b.wav,Clarinet,1
35039ae1.wav,Acoustic_guitar,1
34e4d187.wav,Cello,1
34dacafb.wav,Cello,1
34c01286.wav,Saxophone,1
34a90030.wav,Hi-hat,1
349ff282.wav,Computer_keyboard,1
34747922.wav,Acoustic_guitar,1
3444f2be.wav,Saxophone,1
34427fee.wav,Bus,1
34036784.wav,Violin_or_fiddle,1
33f7555a.wav,Clarinet,1
33e7c0e9.wav,Gunshot_or_gunfire,1
33dd544d.wav,Microwave_oven,1
33cdfcbc.wav,Bass_drum,1
33b21489.wav,Chime,1
33a40fbe.wav,Meow,1
337d994c.wav,Scissors,1
336c4c47.wav,Harmonica,1
336a39a7.wav,Flute,1
33630c6c.wav,Snare_drum,1
335ef9e4.wav,Laughter,1
332d14da.wav,Saxophone,1
331b3a0f.wav,Cough,1
32dee61b.wav,Acoustic_guitar,1
32d9a198.wav,Electric_piano,1
32d47487.wav,Drawer_open_or_close,1
32bd34b5.wav,Violin_or_fiddle,1
32a4c8f0.wav,Flute,1
327de0ed.wav,Gong,1
32737a24.wav,Finger_snapping,1
327111f1.wav,Saxophone,1
324faa97.wav,Burping_or_eructation,1
32421c59.wav,Drawer_open_or_close,1
3219fa26.wav,Saxophone,1
31dbc5c0.wav,Cello,1
31db8c5e.wav,Snare_drum,1
31d1119d.wav,Knock,1
31b2f39c.wav,Fireworks,1
31b0b176.wav,Saxophone,1
31a0e096.wav,Oboe,1
319739c8.wav,Chime,1
317206d4.wav,Flute,1
316af3f0.wav,Cowbell,1
315dc79f.wav,Violin_or_fiddle,1
31553d36.wav,Saxophone,1
314b13fe.wav,Burping_or_eructation,1
31440023.wav,Tambourine,1
31320e98.wav,Bark,1
311e40c6.wav,Telephone,1
31102711.wav,Applause,1
30d71cfe.wav,Gunshot_or_gunfire,1
30aad8ba.wav,Gong,1
307b76ab.wav,Tambourine,1
3077952d.wav,Writing,1
30762b4e.wav,Gunshot_or_gunfire,1
3074dea2.wav,Burping_or_eructation,1
3071420d.wav,Acoustic_guitar,1
306f9e3f.wav,Saxophone,1
30619f79.wav,Meow,1
304986f0.wav,Oboe,1
30225694.wav,Squeak,1
30119861.wav,Gunshot_or_gunfire,1
30114da8.wav,Hi-hat,1
2fe59aa8.wav,Violin_or_fiddle,1
2fc00271.wav,Clarinet,1
2fbbe0d8.wav,Hi-hat,1
2fb7c05e.wav,Clarinet,1
2f9c5f62.wav,Saxophone,1
2f84b9ec.wav,Clarinet,1
2f77f7c4.wav,Gunshot_or_gunfire,1
2f6f44fa.wav,Burping_or_eructation,1
2f6c4dec.wav,Cello,1
2f4f25e0.wav,Trumpet,1
2f4d09b2.wav,Saxophone,1
2f45db21.wav,Scissors,1
2f3ba7ab.wav,Chime,1
2f3515c2.wav,Clarinet,1
2f2d2e7f.wav,Violin_or_fiddle,1
2f2429ad.wav,Acoustic_guitar,1
2f17a4e8.wav,Telephone,1
2ee73a9d.wav,Applause,1
2ed7a267.wav,Bass_drum,1
2ed52423.wav,Gunshot_or_gunfire,1
2ed3c63d.wav,Knock,1
2ea5702d.wav,Saxophone,1
2e8d6e34.wav,Violin_or_fiddle,1
2e7a4dc2.wav,Cough,1
2e762cca.wav,Telephone,1
2e4a9850.wav,Violin_or_fiddle,1
2e48021d.wav,Cowbell,1
2e404b8b.wav,Violin_or_fiddle,1
2e35864b.wav,Meow,1
2e2fa0bf.wav,Laughter,1
2e270b74.wav,Saxophone,1
2e1cd085.wav,Clarinet,1
2e1bce45.wav,Acoustic_guitar,1
2df01d41.wav,Burping_or_eructation,1
2db1e842.wav,Fireworks,1
2db1505d.wav,Squeak,1
2da9e12a.wav,Cello,1
2d73f565.wav,Telephone,1
2d6570ce.wav,Saxophone,1
2d46507b.wav,Scissors,1
2d30cfe6.wav,Oboe,1
2d2ad4e4.wav,Cowbell,1
2d26925a.wav,Microwave_oven,1
2d25bab6.wav,Tambourine,1
2d189f89.wav,Computer_keyboard,1
2cf471ed.wav,Bus,1
2cef6d07.wav,Electric_piano,1
2ce40b6e.wav,Gunshot_or_gunfire,1
2cc8683d.wav,Violin_or_fiddle,1
2c98dea1.wav,Violin_or_fiddle,1
2c8e1436.wav,Flute,1
2c7de292.wav,Tearing,1
2c75e086.wav,Fireworks,1
2c5448df.wav,Clarinet,1
2c4b3304.wav,Fart,1
2c35f941.wav,Gong,1
2c264a9c.wav,Tearing,1
2c1f9f7a.wav,Trumpet,1
2c1af1c2.wav,Meow,1
2c1acd4e.wav,Shatter,1
2c0e354c.wav,Bark,1
2bfa6330.wav,Keys_jangling,1
2bc133ee.wav,Gunshot_or_gunfire,1
2b8b0191.wav,Gunshot_or_gunfire,1
2b315768.wav,Cello,1
2b2e2b89.wav,Keys_jangling,1
2b188948.wav,Gong,1
2b0c0c90.wav,Tambourine,1
2afcc575.wav,Harmonica,1
2af5172d.wav,Double_bass,1
2ae249e8.wav,Cello,1
2ac8b94f.wav,Double_bass,1
2ab81fda.wav,Glockenspiel,1
2aa94643.wav,Chime,1
2a871432.wav,Telephone,1
2a85260b.wav,Harmonica,1
2a756789.wav,Chime,1
2a72b20b.wav,Bark,1
2a55208f.wav,Cello,1
2a1540b1.wav,Meow,1
29de4510.wav,Computer_keyboard,1
29dcc9de.wav,Scissors,1
29c9e829.wav,Gong,1
29c8132a.wav,Bus,1
29b51ca2.wav,Microwave_oven,1
29a57707.wav,Squeak,1
29a016e0.wav,Knock,1
299ad29c.wav,Cowbell,1
2968fbcd.wav,Telephone,1
2953359d.wav,Squeak,1
29441746.wav,Saxophone,1
29309cb9.wav,Shatter,1
2924977b.wav,Computer_keyboard,1
29170890.wav,Violin_or_fiddle,1
291277ae.wav,Violin_or_fiddle,1
290d7e7d.wav,Tambourine,1
28e78a3c.wav,Tambourine,1
28d80cf6.wav,Keys_jangling,1
28d634e9.wav,Applause,1
28c13a63.wav,Cough,1
28bea0af.wav,Oboe,1
28b75c35.wav,Knock,1
28aec29b.wav,Writing,1
28ab5413.wav,Keys_jangling,1
289cc6a8.wav,Saxophone,1
288d0dff.wav,Hi-hat,1
28712a45.wav,Knock,1
285a1825.wav,Scissors,1
284a6757.wav,Violin_or_fiddle,1
283671c1.wav,Scissors,1
282f2473.wav,Telephone,1
281c7727.wav,Gong,1
280b5439.wav,Double_bass,1
27d679b4.wav,Burping_or_eructation,1
27cf6ec2.wav,Violin_or_fiddle,1
27bc9b07.wav,Oboe,1
27a962c5.wav,Meow,1
27a0f9ed.wav,Bark,1
279fb592.wav,Gong,1
276c2689.wav,Fart,1
275f51c0.wav,Squeak,1
275aa312.wav,Writing,1
27595dbd.wav,Tambourine,1
275018bb.wav,Keys_jangling,1
273695bd.wav,Flute,1
272be2e3.wav,Applause,1
271c6c8a.wav,Fart,1
270d84c6.wav,Gunshot_or_gunfire,1
26fce215.wav,Violin_or_fiddle,1
26f2aaee.wav,Keys_jangling,1
26ee3a88.wav,Tearing,1
26ea37e5.wav,Fart,1
26d6556a.wav,Fireworks,1
26d25b30.wav,Gunshot_or_gunfire,1
26c723f2.wav,Acoustic_guitar,1
266a279f.wav,Cough,1
2665dfa2.wav,Knock,1
2655d941.wav,Violin_or_fiddle,1
2647f749.wav,Cowbell,1
264301a3.wav,Saxophone,1
2627affd.wav,Tambourine,1
2624b75b.wav,Fart,1
2620d32b.wav,Violin_or_fiddle,1
260ffd74.wav,Saxophone,1
25f26095.wav,Saxophone,1
25eef09a.wav,Saxophone,1
25cc1f6a.wav,Cello,1
25bca056.wav,Hi-hat,1
25a82ad1.wav,Saxophone,1
25794ec7.wav,Fart,1
255db1a8.wav,Violin_or_fiddle,1
254d9054.wav,Snare_drum,1
25493555.wav,Gunshot_or_gunfire,1
2503aaa1.wav,Hi-hat,1
2500d6e9.wav,Telephone,1
24ecf282.wav,Drawer_open_or_close,1
24e943ab.wav,Chime,1
24e250f8.wav,Fart,1
24dfdfa5.wav,Squeak,1
24bae325.wav,Electric_piano,1
24ba0ef2.wav,Clarinet,1
2499fad5.wav,Laughter,1
247ac56f.wav,Saxophone,1
246ad992.wav,Cello,1
24503135.wav,Harmonica,1
2439dedd.wav,Fireworks,1
2424ad60.wav,Violin_or_fiddle,1
24218e25.wav,Harmonica,1
24202032.wav,Fart,1
23e8ac90.wav,Scissors,1
23cb1f38.wav,Cowbell,1
23c0de2c.wav,Drawer_open_or_close,1
23bc06b9.wav,Gunshot_or_gunfire,1
2398cede.wav,Trumpet,1
23912d0e.wav,Bus,1
238fb6b8.wav,Cello,1
238b16a5.wav,Cello,1
2383be9f.wav,Oboe,1
236cbab1.wav,Acoustic_guitar,1
236b8093.wav,Gunshot_or_gunfire,1
236648d4.wav,Squeak,1
23219d68.wav,Clarinet,1
22f85886.wav,Violin_or_fiddle,1
22e83dcb.wav,Laughter,1
22e1c02c.wav,Snare_drum,1
22d8346b.wav,Flute,1
22cafa2d.wav,Gunshot_or_gunfire,1
22c7f2c0.wav,Burping_or_eructation,1
22bea889.wav,Cello,1
229be2be.wav,Snare_drum,1
22980700.wav,Cowbell,1
2287043f.wav,Violin_or_fiddle,1
2274dbf5.wav,Trumpet,1
225b34b1.wav,Violin_or_fiddle,1
22400300.wav,Cowbell,1
2232ce13.wav,Tearing,1
21e43f5b.wav,Applause,1
21bf162b.wav,Saxophone,1
2178278f.wav,Tambourine,1
216f3fb8.wav,Gong,1
215d5ff6.wav,Tambourine,1
2153d27e.wav,Finger_snapping,1
214ddd6b.wav,Acoustic_guitar,1
213b8878.wav,Telephone,1
213ab73c.wav,Glockenspiel,1
21346775.wav,Violin_or_fiddle,1
213274fa.wav,Flute,1
20fb2252.wav,Squeak,1
20e6791a.wav,Cello,1
20e5795b.wav,Glockenspiel,1
20e4c84a.wav,Keys_jangling,1
209ed9c5.wav,Bus,1
2097b6c7.wav,Tearing,1
2094b896.wav,Shatter,1
2094a55d.wav,Bus,1
208ddbdd.wav,Bus,1
208a14b6.wav,Violin_or_fiddle,1
20890d27.wav,Cough,1
2083da16.wav,Writing,1
2081f3e1.wav,Harmonica,1
20792ffd.wav,Shatter,1
2072ebd5.wav,Laughter,1
206161e8.wav,Double_bass,1
2032be87.wav,Hi-hat,1
202cbd7d.wav,Saxophone,1
2017f454.wav,Telephone,1
2016d256.wav,Acoustic_guitar,1
2013a12f.wav,Snare_drum,1
200a3423.wav,Oboe,1
1ff53ee9.wav,Harmonica,1
1ff0766e.wav,Squeak,1
1fda17e4.wav,Cowbell,1
1fcfb5e3.wav,Tambourine,1
1f81cc2b.wav,Clarinet,1
1f743685.wav,Saxophone,1
1f4a7bfe.wav,Flute,1
1f44f184.wav,Squeak,1
1f2d8967.wav,Oboe,1
1f095666.wav,Fireworks,1
1f0346ff.wav,Gunshot_or_gunfire,1
1f00f903.wav,Trumpet,1
1eddce43.wav,Knock,1
1ecb52f9.wav,Fart,1
1ec7f0f3.wav,Finger_snapping,1
1eb9d116.wav,Trumpet,1
1e9f2a00.wav,Tambourine,1
1e93f880.wav,Violin_or_fiddle,1
1e8ffcc9.wav,Tambourine,1
1e55de2b.wav,Double_bass,1
1e3391d5.wav,Snare_drum,1
1e32bea6.wav,Oboe,1
1e275fbc.wav,Computer_keyboard,1
1e1c1a81.wav,Gunshot_or_gunfire,1
1e15cc3b.wav,Squeak,1
1e10d3fc.wav,Hi-hat,1
1e0d7652.wav,Harmonica,1
1e0c7af2.wav,Snare_drum,1
1dfc889a.wav,Flute,1
1df3177c.wav,Saxophone,1
1de37a8c.wav,Hi-hat,1
1dbb4e4b.wav,Chime,1
1d8502f5.wav,Bark,1
1d5a6f5f.wav,Cello,1
1d542616.wav,Keys_jangling,1
1d395faa.wav,Tambourine,1
1d28b9cb.wav,Bark,1
1d26c5e5.wav,Electric_piano,1
1d23fb6d.wav,Flute,1
1d1d0d72.wav,Chime,1
1cf3ee46.wav,Tambourine,1
1ced478c.wav,Flute,1
1cccb873.wav,Laughter,1
1ca0bd2f.wav,Trumpet,1
1c9a423f.wav,Snare_drum,1
1c8943c0.wav,Microwave_oven,1
1c76a229.wav,Clarinet,1
1c720526.wav,Saxophone,1
1c6b07b8.wav,Cello,1
1c603b9f.wav,Knock,1
1c4c0a51.wav,Gong,1
1c3d00bf.wav,Electric_piano,1
1c3b61c8.wav,Bus,1
1c2b5b18.wav,Cello,1
1bf859a7.wav,Saxophone,1
1bf70cc6.wav,Tambourine,1
1bec87d9.wav,Fart,1
1bd3ba0b.wav,Knock,1
1bcf0664.wav,Harmonica,1
1bcb3c6f.wav,Electric_piano,1
1bc8eae1.wav,Snare_drum,1
1bc55c17.wav,Trumpet,1
1bbdae38.wav,Gong,1
1b9c5af1.wav,Drawer_open_or_close,1
1b93b53c.wav,Gunshot_or_gunfire,1
1b93aeba.wav,Flute,1
1b8de5c7.wav,Trumpet,1
1b8986df.wav,Trumpet,1
1b813314.wav,Gong,1
1b738acd.wav,Saxophone,1
1b66a9f0.wav,Cowbell,1
1b643c7f.wav,Bus,1
1b34065d.wav,Burping_or_eructation,1
1b322081.wav,Gunshot_or_gunfire,1
1b2cc49c.wav,Tambourine,1
1b24c166.wav,Violin_or_fiddle,1
1b17feba.wav,Drawer_open_or_close,1
1adb85b7.wav,Writing,1
1ac389e0.wav,Acoustic_guitar,1
1abba907.wav,Writing,1
1ab80336.wav,Violin_or_fiddle,1
1aaceb5f.wav,Gunshot_or_gunfire,1
1aa5b354.wav,Harmonica,1
1a8b216e.wav,Gong,1
1a7d3f2d.wav,Double_bass,1
1a707aaf.wav,Laughter,1
1a6cd0d1.wav,Violin_or_fiddle,1
1a2deaa1.wav,Violin_or_fiddle,1
1a1cc850.wav,Tambourine,1
1a16ebfd.wav,Saxophone,1
1a15e4f1.wav,Fart,1
19f8e665.wav,Fart,1
19f74365.wav,Microwave_oven,1
19f45b13.wav,Tambourine,1
19974149.wav,Harmonica,1
19893aa8.wav,Double_bass,1
197fe6b5.wav,Keys_jangling,1
195f544d.wav,Cello,1
194fc71a.wav,Burping_or_eructation,1
19393972.wav,Chime,1
19389aaf.wav,Flute,1
19343ae9.wav,Tambourine,1
192c2ba5.wav,Writing,1
19105b8a.wav,Clarinet,1
1907767f.wav,Writing,1
18fcddd0.wav,Oboe,1
18f825ef.wav,Gong,1
18ee96a7.wav,Tearing,1
18e0f7ac.wav,Bark,1
18c0fa51.wav,Bark,1
18ab257b.wav,Bark,1
18a7f8c5.wav,Scissors,1
18a7dc51.wav,Shatter,1
189c2ac2.wav,Double_bass,1
188cfb1b.wav,Laughter,1
188b88ed.wav,Microwave_oven,1
188acf6a.wav,Cello,1
18865530.wav,Flute,1
18838b94.wav,Fart,1
18829f93.wav,Cough,1
18683b52.wav,Bark,1
18492a23.wav,Violin_or_fiddle,1
18479aa7.wav,Chime,1
182d509a.wav,Cough,1
182919ec.wav,Knock,1
1827e52f.wav,Tambourine,1
18267e3e.wav,Flute,1
180cd1d7.wav,Trumpet,1
17fe000f.wav,Writing,1
17f82c05.wav,Acoustic_guitar,1
17dfc83c.wav,Glockenspiel,1
17d87e42.wav,Violin_or_fiddle,1
17d5e08b.wav,Gong,1
17c7a30d.wav,Violin_or_fiddle,1
17a853e4.wav,Burping_or_eructation,1
1787d4d9.wav,Gunshot_or_gunfire,1
176cd35e.wav,Chime,1
176b95db.wav,Telephone,1
1762fe64.wav,Glockenspiel,1
1760ba6f.wav,Meow,1
1749fc99.wav,Oboe,1
17429629.wav,Harmonica,1
172e4f11.wav,Cowbell,1
1719d5f5.wav,Fart,1
170eeda2.wav,Applause,1
170950ce.wav,Drawer_open_or_close,1
16f26de0.wav,Electric_piano,1
16e4d91a.wav,Bark,1
16db8d97.wav,Glockenspiel,1
16d90624.wav,Fireworks,1
16d8450e.wav,Chime,1
16d7ab94.wav,Trumpet,1
16c9a838.wav,Acoustic_guitar,1
16c8384b.wav,Bus,1
169acff4.wav,Finger_snapping,1
169a69f3.wav,Gunshot_or_gunfire,1
16854911.wav,Chime,1
167a4cd4.wav,Scissors,1
166269ab.wav,Tambourine,1
1661aa86.wav,Burping_or_eructation,1
16568e3d.wav,Glockenspiel,1
164fc190.wav,Drawer_open_or_close,1
1648effc.wav,Electric_piano,1
16488606.wav,Fireworks,1
1640b1f9.wav,Burping_or_eructation,1
162276f0.wav,Clarinet,1
160c92d7.wav,Acoustic_guitar,1
15f7e867.wav,Bass_drum,1
15e43efb.wav,Violin_or_fiddle,1
15dcc731.wav,Saxophone,1
15ba13c4.wav,Acoustic_guitar,1
15b4b254.wav,Glockenspiel,1
15b439e3.wav,Tearing,1
15aebea5.wav,Shatter,1
159ea1c3.wav,Tearing,1
15914050.wav,Violin_or_fiddle,1
155b4487.wav,Keys_jangling,1
1551f28a.wav,Violin_or_fiddle,1
154df401.wav,Cello,1
15373464.wav,Microwave_oven,1
151b80e7.wav,Computer_keyboard,1
14f13e6f.wav,Finger_snapping,1
14ef39a2.wav,Meow,1
14b489cd.wav,Oboe,1
14ac7cbd.wav,Violin_or_fiddle,1
149ca673.wav,Acoustic_guitar,1
1498eb6e.wav,Squeak,1
1472a525.wav,Shatter,1
14684ee8.wav,Trumpet,1
14577fc0.wav,Laughter,1
143f37eb.wav,Tambourine,1
14303ca5.wav,Acoustic_guitar,1
142dac40.wav,Glockenspiel,1
142cb2c4.wav,Violin_or_fiddle,1
1415b8b9.wav,Gong,1
14041f9a.wav,Acoustic_guitar,1
140027c6.wav,Telephone,1
13da16ae.wav,Double_bass,1
13ac472f.wav,Writing,1
139c42cb.wav,Flute,1
1393c9e0.wav,Oboe,1
13903b82.wav,Meow,1
1387ba89.wav,Knock,1
13798190.wav,Telephone,1
1374fcda.wav,Flute,1
1373fdab.wav,Fart,1
1356f987.wav,Trumpet,1
134df575.wav,Chime,1
1329c048.wav,Drawer_open_or_close,1
131b1516.wav,Saxophone,1
1304d545.wav,Burping_or_eructation,1
13043bab.wav,Fireworks,1
12d4ec7c.wav,Trumpet,1
12a38093.wav,Electric_piano,1
129dc328.wav,Double_bass,1
129439fd.wav,Bus,1
1264b8c7.wav,Saxophone,1
125e6ccf.wav,Cello,1
125194b0.wav,Burping_or_eructation,1
1220471f.wav,Flute,1
121d766e.wav,Oboe,1
12198b88.wav,Bass_drum,1
120e0846.wav,Bark,1
1207a675.wav,Drawer_open_or_close,1
11fbd6c2.wav,Tambourine,1
11fab0b0.wav,Shatter,1
11f7fc13.wav,Clarinet,1
11f33ae4.wav,Cough,1
11e63946.wav,Laughter,1
11e3ffde.wav,Burping_or_eructation,1
11d883c3.wav,Computer_keyboard,1
11c90896.wav,Cowbell,1
11b027e8.wav,Violin_or_fiddle,1
11ab15ee.wav,Scissors,1
11a06e06.wav,Burping_or_eructation,1
118413f9.wav,Fireworks,1
117e4577.wav,Trumpet,1
11798f57.wav,Cello,1
1176bda6.wav,Cello,1
11710c08.wav,Tambourine,1
114cf102.wav,Violin_or_fiddle,1
1148986e.wav,Violin_or_fiddle,1
113c5e2f.wav,Drawer_open_or_close,1
11329fa9.wav,Gunshot_or_gunfire,1
1131892a.wav,Telephone,1
111bad6f.wav,Gunshot_or_gunfire,1
10e3e4eb.wav,Telephone,1
10da16fb.wav,Acoustic_guitar,1
10b0e98b.wav,Writing,1
1071fd84.wav,Knock,1
105f4e16.wav,Finger_snapping,1
105a8017.wav,Tambourine,1
10550a6f.wav,Gong,1
104f8672.wav,Glockenspiel,1
103f29e5.wav,Double_bass,1
103eceae.wav,Writing,1
103b9ed4.wav,Oboe,1
102db6b4.wav,Flute,1
1023facf.wav,Shatter,1
0fe6c47d.wav,Oboe,1
0fd52405.wav,Burping_or_eructation,1
0fafb777.wav,Microwave_oven,1
0fa61324.wav,Flute,1
0f958ff0.wav,Saxophone,1
0f5286d1.wav,Microwave_oven,1
0f36e49a.wav,Cowbell,1
0f34d08e.wav,Hi-hat,1
0f2ab678.wav,Electric_piano,1
0f2903db.wav,Chime,1
0f23d7e4.wav,Tearing,1
0ef9a602.wav,Hi-hat,1
0eeaebcb.wav,Acoustic_guitar,1
0ede064f.wav,Gunshot_or_gunfire,1
0ed06544.wav,Hi-hat,1
0e9cb14e.wav,Fireworks,1
0e979b8c.wav,Cowbell,1
0e7cd4eb.wav,Violin_or_fiddle,1
0e7622f0.wav,Saxophone,1
0e6e1f35.wav,Chime,1
0e645225.wav,Bus,1
0e5cab29.wav,Tearing,1
0e4583d5.wav,Shatter,1
0e451691.wav,Drawer_open_or_close,1
0e3aa5cf.wav,Shatter,1
0e2ec031.wav,Gunshot_or_gunfire,1
0de99488.wav,Microwave_oven,1
0ddb4bdf.wav,Bass_drum,1
0dc26ae9.wav,Laughter,1
0dbdffe2.wav,Fireworks,1
0da86798.wav,Knock,1
0da527a6.wav,Violin_or_fiddle,1
0da0c554.wav,Double_bass,1
0d9f6c10.wav,Burping_or_eructation,1
0d804b40.wav,Applause,1
0d8012f4.wav,Saxophone,1
0d79765a.wav,Bark,1
0d661b19.wav,Telephone,1
0d481dea.wav,Glockenspiel,1
0d2047b5.wav,Drawer_open_or_close,1
0cdfa126.wav,Laughter,1
0ca8b59b.wav,Laughter,1
0c7ae294.wav,Applause,1
0c6a3500.wav,Bus,1
0c67f402.wav,Snare_drum,1
0c547bc4.wav,Violin_or_fiddle,1
0c4f2a87.wav,Oboe,1
0c3bdc12.wav,Fart,1
0c36c39a.wav,Saxophone,1
0c3044b3.wav,Saxophone,1
0c2f1a54.wav,Finger_snapping,1
0c27360a.wav,Gunshot_or_gunfire,1
0c0f796c.wav,Meow,1
0bd9f47b.wav,Laughter,1
0bca94ec.wav,Glockenspiel,1
0bc522f3.wav,Keys_jangling,1
0bab86ae.wav,Violin_or_fiddle,1
0ba927cd.wav,Hi-hat,1
0ba6976e.wav,Clarinet,1
0b95a1b5.wav,Knock,1
0b92a7e0.wav,Chime,1
0b82b3a5.wav,Clarinet,1
0b7044b0.wav,Burping_or_eructation,1
0b3c0588.wav,Finger_snapping,1
0b1f22c3.wav,Saxophone,1
0b05208c.wav,Electric_piano,1
0ad666e3.wav,Saxophone,1
0ad0bf22.wav,Saxophone,1
0acba147.wav,Computer_keyboard,1
0aaed52b.wav,Fart,1
0aad0a16.wav,Gunshot_or_gunfire,1
0aa17642.wav,Knock,1
0a925754.wav,Telephone,1
0a8ac55d.wav,Tambourine,1
0a6dbf2c.wav,Finger_snapping,1
0a6bba04.wav,Cowbell,1
0a54c770.wav,Bus,1
0a49afad.wav,Fireworks,1
0a484e9f.wav,Writing,1
0a366772.wav,Writing,1
0a2a5c05.wav,Burping_or_eructation,1
09ea5276.wav,Trumpet,1
09b901f8.wav,Computer_keyboard,1
09b8a126.wav,Violin_or_fiddle,1
09a7dc35.wav,Cowbell,1
09a585bf.wav,Keys_jangling,1
09a1cfd7.wav,Hi-hat,1
099ce615.wav,Squeak,1
0994e80c.wav,Computer_keyboard,1
097b5ab0.wav,Knock,1
0958751e.wav,Hi-hat,1
095138e2.wav,Oboe,1
0933c357.wav,Gunshot_or_gunfire,1
0920512f.wav,Tearing,1
09158810.wav,Tambourine,1
090e1d30.wav,Cowbell,1
08d931c3.wav,Computer_keyboard,1
08b88eb7.wav,Violin_or_fiddle,1
08b54ed0.wav,Burping_or_eructation,1
08a68ba1.wav,Acoustic_guitar,1
088d3f95.wav,Harmonica,1
08894340.wav,Double_bass,1
0886c767.wav,Chime,1
087f12b6.wav,Cowbell,1
086e6a35.wav,Fart,1
085652af.wav,Oboe,1
081c263d.wav,Keys_jangling,1
081a3386.wav,Fart,1
080bffb7.wav,Writing,1
07f16007.wav,Cello,1
07db7f16.wav,Flute,1
07ce4408.wav,Gunshot_or_gunfire,1
079968f4.wav,Clarinet,1
078f7ac0.wav,Hi-hat,1
0784c182.wav,Knock,1
0779162e.wav,Finger_snapping,1
07762f74.wav,Tearing,1
074e2f09.wav,Hi-hat,1
0738f99f.wav,Oboe,1
07211dfa.wav,Trumpet,1
0720ef3b.wav,Saxophone,1
071efb95.wav,Bass_drum,1
071803a0.wav,Cello,1
0716126b.wav,Harmonica,1
06f60188.wav,Saxophone,1
06ed75a7.wav,Gong,1
06d2b52b.wav,Cowbell,1
06d0d6e4.wav,Scissors,1
06c48eab.wav,Hi-hat,1
06b9dc31.wav,Finger_snapping,1
06b89bf9.wav,Violin_or_fiddle,1
06b278f7.wav,Harmonica,1
06959969.wav,Tambourine,1
06789937.wav,Saxophone,1
06730f97.wav,Trumpet,1
06487815.wav,Drawer_open_or_close,1
060fab76.wav,Electric_piano,1
060e13d6.wav,Trumpet,1
060ba089.wav,Finger_snapping,1
05f2c2a6.wav,Clarinet,1
05ef46ec.wav,Double_bass,1
05e4028a.wav,Saxophone,1
05d54a68.wav,Trumpet,1
05bc162b.wav,Gunshot_or_gunfire,1
05a3154f.wav,Oboe,1
058b98f0.wav,Telephone,1
0556be76.wav,Violin_or_fiddle,1
05561612.wav,Cello,1
052789c8.wav,Fireworks,1
05149415.wav,Knock,1
051138fc.wav,Finger_snapping,1
04ad9aa5.wav,Knock,1
04a7003c.wav,Knock,1
04a19a27.wav,Writing,1
0496718e.wav,Finger_snapping,1
0459f90f.wav,Squeak,1
044be615.wav,Violin_or_fiddle,1
0446a487.wav,Snare_drum,1
04186a03.wav,Violin_or_fiddle,1
041396a9.wav,Laughter,1
03fc1f96.wav,Bass_drum,1
03bb1c33.wav,Glockenspiel,1
03b4aca1.wav,Meow,1
03a01285.wav,Knock,1
0356dec7.wav,Acoustic_guitar,1
02eed858.wav,Harmonica,1
02e9392e.wav,Tambourine,1
02d6b747.wav,Cough,1
02d367e4.wav,Clarinet,1
02a3243a.wav,Telephone,1
029ee867.wav,Gunshot_or_gunfire,1
0286fc27.wav,Double_bass,1
027cd3fd.wav,Meow,1
027aee2a.wav,Fireworks,1
027aa77c.wav,Clarinet,1
027482e2.wav,Electric_piano,1
025f7eac.wav,Knock,1
025f3fd2.wav,Hi-hat,1
0256c2f2.wav,Keys_jangling,1
024da466.wav,Tambourine,1
024c4c6d.wav,Bass_drum,1
024a193f.wav,Laughter,1
022cc908.wav,Knock,1
022a3507.wav,Bus,1
020eb9f6.wav,Bark,1
01fc4661.wav,Oboe,1
01f2e70b.wav,Gunshot_or_gunfire,1
01ee18fd.wav,Microwave_oven,1
01e723f5.wav,Harmonica,1
01d4dafd.wav,Harmonica,1
01c2f88b.wav,Bass_drum,1
01b9f44a.wav,Telephone,1
01a59c11.wav,Harmonica,1
019d2a2c.wav,Bark,1
018b1df6.wav,Shatter,1
0172a2a5.wav,Microwave_oven,1
0160d55e.wav,Gong,1
01257aad.wav,Scissors,1
011a2185.wav,Cello,1
00f88dc5.wav,Glockenspiel,1
00e2b4cd.wav,Bark,1
00d3bba3.wav,Telephone,1
00cb787c.wav,Flute,1
00c934d7.wav,Laughter,1
0097160c.wav,Laughter,1
0091fc7f.wav,Cello,1
006f2f32.wav,Hi-hat,1
0048fd00.wav,Gunshot_or_gunfire,1
003da8e5.wav,Knock,1
00353774.wav,Cello,1
0033e230.wav,Glockenspiel,1
001ca53d.wav,Saxophone,1
