fname,label
006f2f32.wav,Hi-hat
025f3fd2.wav,Hi-hat
06c48eab.wav,Hi-hat
074e2f09.wav,Hi-hat
078f7ac0.wav,Hi-hat
0958751e.wav,Hi-hat
09a1cfd7.wav,Hi-hat
0ba927cd.wav,Hi-hat
0ed06544.wav,Hi-hat
0ef9a602.wav,Hi-hat
0f34d08e.wav,Hi-hat
1de37a8c.wav,Hi-hat
1e10d3fc.wav,Hi-hat
2032be87.wav,Hi-hat
2503aaa1.wav,Hi-hat
25bca056.wav,Hi-hat
288d0dff.wav,Hi-hat
2fbbe0d8.wav,Hi-hat
30114da8.wav,Hi-hat
34a90030.wav,Hi-hat
369164fe.wav,Hi-hat
39ff9b6b.wav,Hi-hat
3a3d0279.wav,Hi-hat
3aafb6ad.wav,Hi-hat
3d3439f1.wav,Hi-hat
41897c32.wav,Hi-hat
42470db4.wav,Hi-hat
45da8553.wav,Hi-hat
468f9c4c.wav,Hi-hat
47395931.wav,Hi-hat
001ca53d.wav,Saxophone
05e4028a.wav,Saxophone
06789937.wav,Saxophone
06f60188.wav,Saxophone
0720ef3b.wav,Saxophone
0ad0bf22.wav,Saxophone
0ad666e3.wav,Saxophone
0b1f22c3.wav,Saxophone
0c3044b3.wav,Saxophone
0c36c39a.wav,Saxophone
0d8012f4.wav,Saxophone
0e7622f0.wav,Saxophone
0f958ff0.wav,Saxophone
1264b8c7.wav,Saxophone
131b1516.wav,Saxophone
15dcc731.wav,Saxophone
1a16ebfd.wav,Saxophone
1b738acd.wav,Saxophone
1bf859a7.wav,Saxophone
1c720526.wav,Saxophone
1df3177c.wav,Saxophone
1f743685.wav,Saxophone
202cbd7d.wav,Saxophone
21bf162b.wav,Saxophone
247ac56f.wav,Saxophone
25a82ad1.wav,Saxophone
25eef09a.wav,Saxophone
25f26095.wav,Saxophone
260ffd74.wav,Saxophone
264301a3.wav,Saxophone
05d54a68.wav,Trumpet
060e13d6.wav,Trumpet
06730f97.wav,Trumpet
07211dfa.wav,Trumpet
09ea5276.wav,Trumpet
117e4577.wav,Trumpet
12d4ec7c.wav,Trumpet
1356f987.wav,Trumpet
14684ee8.wav,Trumpet
16d7ab94.wav,Trumpet
180cd1d7.wav,Trumpet
1b8986df.wav,Trumpet
1b8de5c7.wav,Trumpet
1bc55c17.wav,Trumpet
1ca0bd2f.wav,Trumpet
1eb9d116.wav,Trumpet
1f00f903.wav,Trumpet
2274dbf5.wav,Trumpet
2398cede.wav,Trumpet
2c1f9f7a.wav,Trumpet
2f4f25e0.wav,Trumpet
36514399.wav,Trumpet
368de55c.wav,Trumpet
3934519b.wav,Trumpet
3c4b21ac.wav,Trumpet
3d3f2beb.wav,Trumpet
3e6e8db6.wav,Trumpet
40abcc5e.wav,Trumpet
47178b5e.wav,Trumpet
4b17c19e.wav,Trumpet
0033e230.wav,Glockenspiel
00f88dc5.wav,Glockenspiel
03bb1c33.wav,Glockenspiel
0bca94ec.wav,Glockenspiel
0d481dea.wav,Glockenspiel
104f8672.wav,Glockenspiel
142dac40.wav,Glockenspiel
15b4b254.wav,Glockenspiel
16568e3d.wav,Glockenspiel
00353774.wav,Cello
0091fc7f.wav,Cello
011a2185.wav,Cello
05561612.wav,Cello
071803a0.wav,Cello
07f16007.wav,Cello
1176bda6.wav,Cello
11798f57.wav,Cello
125e6ccf.wav,Cello
154df401.wav,Cello
188acf6a.wav,Cello
195f544d.wav,Cello
1c2b5b18.wav,Cello
1c6b07b8.wav,Cello
1d5a6f5f.wav,Cello
20e6791a.wav,Cello
22bea889.wav,Cello
238b16a5.wav,Cello
238fb6b8.wav,Cello
246ad992.wav,Cello
25cc1f6a.wav,Cello
2a55208f.wav,Cello
2ae249e8.wav,Cello
2b315768.wav,Cello
2da9e12a.wav,Cello
2f6c4dec.wav,Cello
31dbc5c0.wav,Cello
34dacafb.wav,Cello
34e4d187.wav,Cello
39f86ded.wav,Cello
003da8e5.wav,Knock
022cc908.wav,Knock
025f7eac.wav,Knock
03a01285.wav,Knock
04a7003c.wav,Knock
04ad9aa5.wav,Knock
05149415.wav,Knock
0784c182.wav,Knock
097b5ab0.wav,Knock
0aa17642.wav,Knock
0b95a1b5.wav,Knock
0da86798.wav,Knock
1071fd84.wav,Knock
1387ba89.wav,Knock
182919ec.wav,Knock
1bd3ba0b.wav,Knock
1c603b9f.wav,Knock
1eddce43.wav,Knock
2665dfa2.wav,Knock
28712a45.wav,Knock
28b75c35.wav,Knock
29a016e0.wav,Knock
2ed3c63d.wav,Knock
31d1119d.wav,Knock
36b2afa9.wav,Knock
3d51eb7a.wav,Knock
3ead1c2e.wav,Knock
0048fd00.wav,Gunshot_or_gunfire
01f2e70b.wav,Gunshot_or_gunfire
029ee867.wav,Gunshot_or_gunfire
05bc162b.wav,Gunshot_or_gunfire
07ce4408.wav,Gunshot_or_gunfire
0933c357.wav,Gunshot_or_gunfire
0aad0a16.wav,Gunshot_or_gunfire
0c27360a.wav,Gunshot_or_gunfire
0e2ec031.wav,Gunshot_or_gunfire
0ede064f.wav,Gunshot_or_gunfire
111bad6f.wav,Gunshot_or_gunfire
11329fa9.wav,Gunshot_or_gunfire
169a69f3.wav,Gunshot_or_gunfire
1787d4d9.wav,Gunshot_or_gunfire
027aa77c.wav,Clarinet
02d367e4.wav,Clarinet
05f2c2a6.wav,Clarinet
079968f4.wav,Clarinet
0b82b3a5.wav,Clarinet
0ba6976e.wav,Clarinet
11f7fc13.wav,Clarinet
162276f0.wav,Clarinet
19105b8a.wav,Clarinet
1c76a229.wav,Clarinet
1f81cc2b.wav,Clarinet
23219d68.wav,Clarinet
24ba0ef2.wav,Clarinet
2c5448df.wav,Clarinet
2e1cd085.wav,Clarinet
2f3515c2.wav,Clarinet
2f84b9ec.wav,Clarinet
2fb7c05e.wav,Clarinet
2fc00271.wav,Clarinet
33f7555a.wav,Clarinet
3518605b.wav,Clarinet
36defe49.wav,Clarinet
39977cdf.wav,Clarinet
3b60c423.wav,Clarinet
3c24b853.wav,Clarinet
3c66098d.wav,Clarinet
3c713bcf.wav,Clarinet
3c8323d0.wav,Clarinet
3cbe9902.wav,Clarinet
3f7e6da8.wav,Clarinet
08d931c3.wav,Computer_keyboard
0994e80c.wav,Computer_keyboard
09b901f8.wav,Computer_keyboard
0acba147.wav,Computer_keyboard
11d883c3.wav,Computer_keyboard
151b80e7.wav,Computer_keyboard
1e275fbc.wav,Computer_keyboard
2924977b.wav,Computer_keyboard
29de4510.wav,Computer_keyboard
2d189f89.wav,Computer_keyboard
349ff282.wav,Computer_keyboard
0256c2f2.wav,Keys_jangling
081c263d.wav,Keys_jangling
09a585bf.wav,Keys_jangling
0bc522f3.wav,Keys_jangling
155b4487.wav,Keys_jangling
197fe6b5.wav,Keys_jangling
1d542616.wav,Keys_jangling
20e4c84a.wav,Keys_jangling
26f2aaee.wav,Keys_jangling
275018bb.wav,Keys_jangling
28ab5413.wav,Keys_jangling
28d80cf6.wav,Keys_jangling
2b2e2b89.wav,Keys_jangling
0446a487.wav,Snare_drum
0c67f402.wav,Snare_drum
1bc8eae1.wav,Snare_drum
1c9a423f.wav,Snare_drum
1e0c7af2.wav,Snare_drum
1e3391d5.wav,Snare_drum
2013a12f.wav,Snare_drum
229be2be.wav,Snare_drum
22e1c02c.wav,Snare_drum
254d9054.wav,Snare_drum
31db8c5e.wav,Snare_drum
33630c6c.wav,Snare_drum
368d4b71.wav,Snare_drum
36d06cc0.wav,Snare_drum
3c87c17a.wav,Snare_drum
3f7b7686.wav,Snare_drum
46b52f97.wav,Snare_drum
488b452c.wav,Snare_drum
4c4d4797.wav,Snare_drum
4c590f69.wav,Snare_drum
4e74d920.wav,Snare_drum
561d33d3.wav,Snare_drum
5c33d972.wav,Snare_drum
5c59741d.wav,Snare_drum
5ce40b1b.wav,Snare_drum
5d9ca598.wav,Snare_drum
68e1a3e9.wav,Snare_drum
6a353424.wav,Snare_drum
6fca680b.wav,Snare_drum
7396e929.wav,Snare_drum
04a19a27.wav,Writing
080bffb7.wav,Writing
0a366772.wav,Writing
0a484e9f.wav,Writing
103eceae.wav,Writing
10b0e98b.wav,Writing
13ac472f.wav,Writing
17fe000f.wav,Writing
1907767f.wav,Writing
192c2ba5.wav,Writing
1abba907.wav,Writing
1adb85b7.wav,Writing
2083da16.wav,Writing
275aa312.wav,Writing
28aec29b.wav,Writing
3077952d.wav,Writing
37349835.wav,Writing
41529de9.wav,Writing
41a68fc0.wav,Writing
470f4da3.wav,Writing
48b17f9f.wav,Writing
496a7539.wav,Writing
4c6470d0.wav,Writing
5230e439.wav,Writing
542bb157.wav,Writing
594f603c.wav,Writing
6a7ea03a.wav,Writing
0097160c.wav,Laughter
00c934d7.wav,Laughter
024a193f.wav,Laughter
041396a9.wav,Laughter
0bd9f47b.wav,Laughter
0ca8b59b.wav,Laughter
0cdfa126.wav,Laughter
0dc26ae9.wav,Laughter
11e63946.wav,Laughter
14577fc0.wav,Laughter
188cfb1b.wav,Laughter
1a707aaf.wav,Laughter
1cccb873.wav,Laughter
2072ebd5.wav,Laughter
22e83dcb.wav,Laughter
2499fad5.wav,Laughter
2e2fa0bf.wav,Laughter
335ef9e4.wav,Laughter
3650faee.wav,Laughter
36ccf0c8.wav,Laughter
38e1a81c.wav,Laughter
3d3159e3.wav,Laughter
3e7bb5fe.wav,Laughter
3eed2e68.wav,Laughter
41933d4e.wav,Laughter
45d71502.wav,Laughter
4a7ed000.wav,Laughter
4ca2a9b4.wav,Laughter
4e8c24e1.wav,Laughter
506d0b19.wav,Laughter
07762f74.wav,Tearing
0920512f.wav,Tearing
0e5cab29.wav,Tearing
0f23d7e4.wav,Tearing
159ea1c3.wav,Tearing
15b439e3.wav,Tearing
18ee96a7.wav,Tearing
2097b6c7.wav,Tearing
2232ce13.wav,Tearing
26ee3a88.wav,Tearing
2c264a9c.wav,Tearing
2c7de292.wav,Tearing
3769aa70.wav,Tearing
431285df.wav,Tearing
4acda322.wav,Tearing
4b2d5441.wav,Tearing
4e1af22c.wav,Tearing
53d2b678.wav,Tearing
54db602f.wav,Tearing
56bfa515.wav,Tearing
58d5cc06.wav,Tearing
689af02b.wav,Tearing
69a6c4a9.wav,Tearing
6f6e15ce.wav,Tearing
751032c2.wav,Tearing
76809014.wav,Tearing
788d34f0.wav,Tearing
7936731d.wav,Tearing
7b631ab5.wav,Tearing
7bbc5503.wav,Tearing
081a3386.wav,Fart
086e6a35.wav,Fart
0aaed52b.wav,Fart
0c3bdc12.wav,Fart
1373fdab.wav,Fart
1719d5f5.wav,Fart
18838b94.wav,Fart
19f8e665.wav,Fart
1a15e4f1.wav,Fart
1bec87d9.wav,Fart
1ecb52f9.wav,Fart
24202032.wav,Fart
24e250f8.wav,Fart
25794ec7.wav,Fart
2624b75b.wav,Fart
26ea37e5.wav,Fart
271c6c8a.wav,Fart
276c2689.wav,Fart
2c4b3304.wav,Fart
356f6f26.wav,Fart
3966c159.wav,Fart
3a3df080.wav,Fart
3ddb3511.wav,Fart
405b00ef.wav,Fart
42a977da.wav,Fart
4309a65b.wav,Fart
4ec9b517.wav,Fart
4f36f736.wav,Fart
508d3aed.wav,Fart
623bc3fe.wav,Fart
01fc4661.wav,Oboe
05a3154f.wav,Oboe
0738f99f.wav,Oboe
085652af.wav,Oboe
095138e2.wav,Oboe
0c4f2a87.wav,Oboe
0fe6c47d.wav,Oboe
103b9ed4.wav,Oboe
121d766e.wav,Oboe
1393c9e0.wav,Oboe
14b489cd.wav,Oboe
1749fc99.wav,Oboe
18fcddd0.wav,Oboe
1e32bea6.wav,Oboe
1f2d8967.wav,Oboe
200a3423.wav,Oboe
2383be9f.wav,Oboe
27bc9b07.wav,Oboe
28bea0af.wav,Oboe
2d30cfe6.wav,Oboe
304986f0.wav,Oboe
31a0e096.wav,Oboe
390292b8.wav,Oboe
39ba3461.wav,Oboe
3a1b2a66.wav,Oboe
3c04c85f.wav,Oboe
3d576e50.wav,Oboe
4016e50e.wav,Oboe
4740a159.wav,Oboe
00cb787c.wav,Flute
07db7f16.wav,Flute
0fa61324.wav,Flute
102db6b4.wav,Flute
1220471f.wav,Flute
1374fcda.wav,Flute
139c42cb.wav,Flute
18267e3e.wav,Flute
18865530.wav,Flute
19389aaf.wav,Flute
1b93aeba.wav,Flute
1ced478c.wav,Flute
1d23fb6d.wav,Flute
1dfc889a.wav,Flute
1f4a7bfe.wav,Flute
213274fa.wav,Flute
22d8346b.wav,Flute
273695bd.wav,Flute
2c8e1436.wav,Flute
317206d4.wav,Flute
32a4c8f0.wav,Flute
336a39a7.wav,Flute
35e97db3.wav,Flute
3707da71.wav,Flute
3eaddda8.wav,Flute
3f8d2bee.wav,Flute
43433aad.wav,Flute
44ae3104.wav,Flute
45e5a952.wav,Flute
472e6644.wav,Flute
02d6b747.wav,Cough
11f33ae4.wav,Cough
182d509a.wav,Cough
18829f93.wav,Cough
20890d27.wav,Cough
266a279f.wav,Cough
28c13a63.wav,Cough
2e7a4dc2.wav,Cough
331b3a0f.wav,Cough
384e198d.wav,Cough
45f3e225.wav,Cough
4adfa318.wav,Cough
4e8a6556.wav,Cough
540226e3.wav,Cough
591a127b.wav,Cough
5cd6e4e1.wav,Cough
5cf8c92f.wav,Cough
5f20684f.wav,Cough
5f934315.wav,Cough
604e28b1.wav,Cough
60e178b0.wav,Cough
69175165.wav,Cough
6bc128c5.wav,Cough
6f37f0d4.wav,Cough
00d3bba3.wav,Telephone
01b9f44a.wav,Telephone
02a3243a.wav,Telephone
058b98f0.wav,Telephone
0a925754.wav,Telephone
0d661b19.wav,Telephone
10e3e4eb.wav,Telephone
1131892a.wav,Telephone
13798190.wav,Telephone
140027c6.wav,Telephone
176b95db.wav,Telephone
2017f454.wav,Telephone
00e2b4cd.wav,Bark
019d2a2c.wav,Bark
020eb9f6.wav,Bark
0d79765a.wav,Bark
120e0846.wav,Bark
16e4d91a.wav,Bark
18683b52.wav,Bark
18ab257b.wav,Bark
18c0fa51.wav,Bark
18e0f7ac.wav,Bark
1d28b9cb.wav,Bark
1d8502f5.wav,Bark
27a0f9ed.wav,Bark
2a72b20b.wav,Bark
2c0e354c.wav,Bark
31320e98.wav,Bark
357a5b9a.wav,Bark
35a38d01.wav,Bark
391dea43.wav,Bark
3b04a2b1.wav,Bark
3d4fcc98.wav,Bark
3f272bc9.wav,Bark
4217d933.wav,Bark
0886c767.wav,Chime
0b92a7e0.wav,Chime
0e6e1f35.wav,Chime
0f2903db.wav,Chime
134df575.wav,Chime
16854911.wav,Chime
16d8450e.wav,Chime
176cd35e.wav,Chime
18479aa7.wav,Chime
19393972.wav,Chime
1d1d0d72.wav,Chime
01c2f88b.wav,Bass_drum
024c4c6d.wav,Bass_drum
03fc1f96.wav,Bass_drum
071efb95.wav,Bass_drum
0ddb4bdf.wav,Bass_drum
12198b88.wav,Bass_drum
15f7e867.wav,Bass_drum
2ed7a267.wav,Bass_drum
33cdfcbc.wav,Bass_drum
354c7009.wav,Bass_drum
368137a8.wav,Bass_drum
3a9085ca.wav,Bass_drum
3dc2885b.wav,Bass_drum
46b66e03.wav,Bass_drum
47a98dfe.wav,Bass_drum
495cca46.wav,Bass_drum
4a4727b7.wav,Bass_drum
4b13fe12.wav,Bass_drum
4ba2b70e.wav,Bass_drum
52d30eec.wav,Bass_drum
52e54bdd.wav,Bass_drum
540cd3bc.wav,Bass_drum
5644beb8.wav,Bass_drum
565f3ee2.wav,Bass_drum
5d108bb1.wav,Bass_drum
63e0ab2c.wav,Bass_drum
6a96272b.wav,Bass_drum
6d21ad67.wav,Bass_drum
6f7162b1.wav,Bass_drum
73028179.wav,Bass_drum
022a3507.wav,Bus
0a54c770.wav,Bus
0c6a3500.wav,Bus
0e645225.wav,Bus
129439fd.wav,Bus
16c8384b.wav,Bus
1b643c7f.wav,Bus
1c3b61c8.wav,Bus
208ddbdd.wav,Bus
2094a55d.wav,Bus
0459f90f.wav,Squeak
099ce615.wav,Squeak
1498eb6e.wav,Squeak
1e15cc3b.wav,Squeak
1f44f184.wav,Squeak
1ff0766e.wav,Squeak
20fb2252.wav,Squeak
236648d4.wav,Squeak
24dfdfa5.wav,Squeak
275f51c0.wav,Squeak
2953359d.wav,Squeak
29a57707.wav,Squeak
2db1505d.wav,Squeak
30225694.wav,Squeak
35fb9b2e.wav,Squeak
36b3f8ec.wav,Squeak
3835cfbd.wav,Squeak
3bd11bdc.wav,Squeak
428ed21a.wav,Squeak
48b67c44.wav,Squeak
4dad3b5f.wav,Squeak
54679e2a.wav,Squeak
5d946c59.wav,Squeak
5ebdb1a8.wav,Squeak
670b77c7.wav,Squeak
6b3dd35c.wav,Squeak
7453efda.wav,Squeak
779b0487.wav,Squeak
78f90b0f.wav,Squeak
7a8cd995.wav,Squeak
01257aad.wav,Scissors
06d0d6e4.wav,Scissors
11ab15ee.wav,Scissors
167a4cd4.wav,Scissors
18a7f8c5.wav,Scissors
23e8ac90.wav,Scissors
283671c1.wav,Scissors
285a1825.wav,Scissors
29dcc9de.wav,Scissors
01a59c11.wav,Harmonica
01d4dafd.wav,Harmonica
01e723f5.wav,Harmonica
02eed858.wav,Harmonica
06b278f7.wav,Harmonica
0716126b.wav,Harmonica
088d3f95.wav,Harmonica
17429629.wav,Harmonica
19974149.wav,Harmonica
1aa5b354.wav,Harmonica
1bcf0664.wav,Harmonica
1e0d7652.wav,Harmonica
1ff53ee9.wav,Harmonica
2081f3e1.wav,Harmonica
24218e25.wav,Harmonica
24503135.wav,Harmonica
0160d55e.wav,Gong
06ed75a7.wav,Gong
10550a6f.wav,Gong
1415b8b9.wav,Gong
17d5e08b.wav,Gong
18f825ef.wav,Gong
1a8b216e.wav,Gong
1b813314.wav,Gong
1bbdae38.wav,Gong
1c4c0a51.wav,Gong
216f3fb8.wav,Gong
279fb592.wav,Gong
281c7727.wav,Gong
29c9e829.wav,Gong
2b188948.wav,Gong
2c35f941.wav,Gong
30aad8ba.wav,Gong
327de0ed.wav,Gong
38cee215.wav,Gong
3b50856f.wav,Gong
47d79021.wav,Gong
4b12b563.wav,Gong
4c4ec973.wav,Gong
4d14661a.wav,Gong
4d4af5dd.wav,Gong
4f224ce4.wav,Gong
51cbcf35.wav,Gong
5202c954.wav,Gong
564f1a49.wav,Gong
0172a2a5.wav,Microwave_oven
01ee18fd.wav,Microwave_oven
0de99488.wav,Microwave_oven
0f5286d1.wav,Microwave_oven
0fafb777.wav,Microwave_oven
15373464.wav,Microwave_oven
188b88ed.wav,Microwave_oven
19f74365.wav,Microwave_oven
1c8943c0.wav,Microwave_oven
29b51ca2.wav,Microwave_oven
2d26925a.wav,Microwave_oven
33dd544d.wav,Microwave_oven
35d7ac24.wav,Microwave_oven
37d0eed3.wav,Microwave_oven
08b54ed0.wav,Burping_or_eructation
0a2a5c05.wav,Burping_or_eructation
0b7044b0.wav,Burping_or_eructation
0d9f6c10.wav,Burping_or_eructation
0fd52405.wav,Burping_or_eructation
11a06e06.wav,Burping_or_eructation
11e3ffde.wav,Burping_or_eructation
125194b0.wav,Burping_or_eructation
1304d545.wav,Burping_or_eructation
1640b1f9.wav,Burping_or_eructation
1661aa86.wav,Burping_or_eructation
17a853e4.wav,Burping_or_eructation
194fc71a.wav,Burping_or_eructation
1b34065d.wav,Burping_or_eructation
22c7f2c0.wav,Burping_or_eructation
27d679b4.wav,Burping_or_eructation
2df01d41.wav,Burping_or_eructation
2f6f44fa.wav,Burping_or_eructation
3074dea2.wav,Burping_or_eructation
314b13fe.wav,Burping_or_eructation
324faa97.wav,Burping_or_eructation
0286fc27.wav,Double_bass
05ef46ec.wav,Double_bass
08894340.wav,Double_bass
0da0c554.wav,Double_bass
103f29e5.wav,Double_bass
129dc328.wav,Double_bass
13da16ae.wav,Double_bass
189c2ac2.wav,Double_bass
19893aa8.wav,Double_bass
1a7d3f2d.wav,Double_bass
1e55de2b.wav,Double_bass
206161e8.wav,Double_bass
280b5439.wav,Double_bass
2ac8b94f.wav,Double_bass
2af5172d.wav,Double_bass
3a151889.wav,Double_bass
3ae76b24.wav,Double_bass
3bbe245d.wav,Double_bass
3c9abefe.wav,Double_bass
420b6ee8.wav,Double_bass
444f9db5.wav,Double_bass
462b676f.wav,Double_bass
4c0c385f.wav,Double_bass
4cbba37a.wav,Double_bass
4cee46a4.wav,Double_bass
4fb480bf.wav,Double_bass
4fd883bb.wav,Double_bass
512b0a33.wav,Double_bass
51402418.wav,Double_bass
595c191d.wav,Double_bass
018b1df6.wav,Shatter
0e3aa5cf.wav,Shatter
0e4583d5.wav,Shatter
1023facf.wav,Shatter
11fab0b0.wav,Shatter
1472a525.wav,Shatter
15aebea5.wav,Shatter
18a7dc51.wav,Shatter
20792ffd.wav,Shatter
2094b896.wav,Shatter
29309cb9.wav,Shatter
2c1acd4e.wav,Shatter
3b466a76.wav,Shatter
43f36cbf.wav,Shatter
518250e2.wav,Shatter
520b22f7.wav,Shatter
5356d361.wav,Shatter
59b3f32e.wav,Shatter
5b2d8050.wav,Shatter
5c248a1b.wav,Shatter
5d4ffe7f.wav,Shatter
63de87b8.wav,Shatter
690d3746.wav,Shatter
6e5088de.wav,Shatter
7155df7f.wav,Shatter
72451929.wav,Shatter
74892199.wav,Shatter
843035cc.wav,Shatter
85830943.wav,Shatter
8d3acc31.wav,Shatter
027aee2a.wav,Fireworks
052789c8.wav,Fireworks
0a49afad.wav,Fireworks
0dbdffe2.wav,Fireworks
0e9cb14e.wav,Fireworks
118413f9.wav,Fireworks
13043bab.wav,Fireworks
16488606.wav,Fireworks
16d90624.wav,Fireworks
1f095666.wav,Fireworks
2439dedd.wav,Fireworks
26d6556a.wav,Fireworks
2c75e086.wav,Fireworks
2db1e842.wav,Fireworks
31b2f39c.wav,Fireworks
36315bea.wav,Fireworks
3e93dd4c.wav,Fireworks
44430b53.wav,Fireworks
450b7adb.wav,Fireworks
4d08e621.wav,Fireworks
4d61a3c6.wav,Fireworks
4e556dc5.wav,Fireworks
4f0289dc.wav,Fireworks
51cfc1d3.wav,Fireworks
55aed1da.wav,Fireworks
597d7401.wav,Fireworks
5a3331db.wav,Fireworks
5dc063db.wav,Fireworks
5e2d18d7.wav,Fireworks
6b192226.wav,Fireworks
024da466.wav,Tambourine
02e9392e.wav,Tambourine
06959969.wav,Tambourine
09158810.wav,Tambourine
0a8ac55d.wav,Tambourine
105a8017.wav,Tambourine
11710c08.wav,Tambourine
11fbd6c2.wav,Tambourine
143f37eb.wav,Tambourine
166269ab.wav,Tambourine
1827e52f.wav,Tambourine
19343ae9.wav,Tambourine
19f45b13.wav,Tambourine
1a1cc850.wav,Tambourine
1b2cc49c.wav,Tambourine
1bf70cc6.wav,Tambourine
1cf3ee46.wav,Tambourine
1d395faa.wav,Tambourine
1e8ffcc9.wav,Tambourine
1e9f2a00.wav,Tambourine
1fcfb5e3.wav,Tambourine
215d5ff6.wav,Tambourine
06d2b52b.wav,Cowbell
087f12b6.wav,Cowbell
090e1d30.wav,Cowbell
09a7dc35.wav,Cowbell
0a6bba04.wav,Cowbell
0e979b8c.wav,Cowbell
0f36e49a.wav,Cowbell
11c90896.wav,Cowbell
172e4f11.wav,Cowbell
1b66a9f0.wav,Cowbell
1fda17e4.wav,Cowbell
22400300.wav,Cowbell
22980700.wav,Cowbell
23cb1f38.wav,Cowbell
2647f749.wav,Cowbell
299ad29c.wav,Cowbell
2d2ad4e4.wav,Cowbell
2e48021d.wav,Cowbell
316af3f0.wav,Cowbell
027482e2.wav,Electric_piano
060fab76.wav,Electric_piano
0b05208c.wav,Electric_piano
0f2ab678.wav,Electric_piano
12a38093.wav,Electric_piano
1648effc.wav,Electric_piano
16f26de0.wav,Electric_piano
1bcb3c6f.wav,Electric_piano
1c3d00bf.wav,Electric_piano
1d26c5e5.wav,Electric_piano
24bae325.wav,Electric_piano
2cef6d07.wav,Electric_piano
32d9a198.wav,Electric_piano
393042b9.wav,Electric_piano
3ac0c9ea.wav,Electric_piano
027cd3fd.wav,Meow
03b4aca1.wav,Meow
0c0f796c.wav,Meow
13903b82.wav,Meow
14ef39a2.wav,Meow
1760ba6f.wav,Meow
27a962c5.wav,Meow
2a1540b1.wav,Meow
2c1af1c2.wav,Meow
2e35864b.wav,Meow
30619f79.wav,Meow
33a40fbe.wav,Meow
375bfb8e.wav,Meow
4509d8c8.wav,Meow
46076458.wav,Meow
06487815.wav,Drawer_open_or_close
0d2047b5.wav,Drawer_open_or_close
0e451691.wav,Drawer_open_or_close
113c5e2f.wav,Drawer_open_or_close
1207a675.wav,Drawer_open_or_close
1329c048.wav,Drawer_open_or_close
164fc190.wav,Drawer_open_or_close
170950ce.wav,Drawer_open_or_close
1b17feba.wav,Drawer_open_or_close
1b9c5af1.wav,Drawer_open_or_close
23c0de2c.wav,Drawer_open_or_close
24ecf282.wav,Drawer_open_or_close
32421c59.wav,Drawer_open_or_close
32d47487.wav,Drawer_open_or_close
3824a5f6.wav,Drawer_open_or_close
0c7ae294.wav,Applause
0d804b40.wav,Applause
170eeda2.wav,Applause
21e43f5b.wav,Applause
272be2e3.wav,Applause
28d634e9.wav,Applause
2ee73a9d.wav,Applause
31102711.wav,Applause
35669b76.wav,Applause
3ba2f20d.wav,Applause
3f5bfd26.wav,Applause
3fb27eb8.wav,Applause
43fd7a48.wav,Applause
4bfbb74e.wav,Applause
50e7451d.wav,Applause
5802940e.wav,Applause
5a4089a3.wav,Applause
5f4ede60.wav,Applause
600fe305.wav,Applause
61c9c7ad.wav,Applause
6ad73ffc.wav,Applause
6ebe3f62.wav,Applause
71fb2237.wav,Applause
73e326ec.wav,Applause
76ffffa8.wav,Applause
784920ab.wav,Applause
7d46df5d.wav,Applause
7d4963eb.wav,Applause
85516706.wav,Applause
87fc1fad.wav,Applause
0356dec7.wav,Acoustic_guitar
08a68ba1.wav,Acoustic_guitar
0eeaebcb.wav,Acoustic_guitar
10da16fb.wav,Acoustic_guitar
14041f9a.wav,Acoustic_guitar
14303ca5.wav,Acoustic_guitar
149ca673.wav,Acoustic_guitar
15ba13c4.wav,Acoustic_guitar
160c92d7.wav,Acoustic_guitar
16c9a838.wav,Acoustic_guitar
17f82c05.wav,Acoustic_guitar
1ac389e0.wav,Acoustic_guitar
2016d256.wav,Acoustic_guitar
214ddd6b.wav,Acoustic_guitar
236cbab1.wav,Acoustic_guitar
26c723f2.wav,Acoustic_guitar
2e1bce45.wav,Acoustic_guitar
2f2429ad.wav,Acoustic_guitar
3071420d.wav,Acoustic_guitar
32dee61b.wav,Acoustic_guitar
34747922.wav,Acoustic_guitar
35039ae1.wav,Acoustic_guitar
367ad7b1.wav,Acoustic_guitar
38216fad.wav,Acoustic_guitar
3a0471fd.wav,Acoustic_guitar
404c1e72.wav,Acoustic_guitar
41588cd6.wav,Acoustic_guitar
44fb3eeb.wav,Acoustic_guitar
46a95319.wav,Acoustic_guitar
4957c12d.wav,Acoustic_guitar
04186a03.wav,Violin_or_fiddle
044be615.wav,Violin_or_fiddle
0556be76.wav,Violin_or_fiddle
06b89bf9.wav,Violin_or_fiddle
08b88eb7.wav,Violin_or_fiddle
09b8a126.wav,Violin_or_fiddle
0bab86ae.wav,Violin_or_fiddle
0c547bc4.wav,Violin_or_fiddle
0da527a6.wav,Violin_or_fiddle
0e7cd4eb.wav,Violin_or_fiddle
1148986e.wav,Violin_or_fiddle
114cf102.wav,Violin_or_fiddle
11b027e8.wav,Violin_or_fiddle
142cb2c4.wav,Violin_or_fiddle
14ac7cbd.wav,Violin_or_fiddle
1551f28a.wav,Violin_or_fiddle
15914050.wav,Violin_or_fiddle
15e43efb.wav,Violin_or_fiddle
17c7a30d.wav,Violin_or_fiddle
17d87e42.wav,Violin_or_fiddle
18492a23.wav,Violin_or_fiddle
1a2deaa1.wav,Violin_or_fiddle
1a6cd0d1.wav,Violin_or_fiddle
1ab80336.wav,Violin_or_fiddle
1b24c166.wav,Violin_or_fiddle
1e93f880.wav,Violin_or_fiddle
208a14b6.wav,Violin_or_fiddle
21346775.wav,Violin_or_fiddle
225b34b1.wav,Violin_or_fiddle
2287043f.wav,Violin_or_fiddle
0496718e.wav,Finger_snapping
051138fc.wav,Finger_snapping
060ba089.wav,Finger_snapping
06b9dc31.wav,Finger_snapping
0779162e.wav,Finger_snapping
0a6dbf2c.wav,Finger_snapping
0b3c0588.wav,Finger_snapping
0c2f1a54.wav,Finger_snapping
105f4e16.wav,Finger_snapping
14f13e6f.wav,Finger_snapping
169acff4.wav,Finger_snapping
